[
    {
        "channel_id": "UCX6OQ3DkcsbYNE6H8uQQuVA",
        "name": "MrBeast",
        "subscribers": 398795408,
        "pfp": "https://yt3.ggpht.com/nxYrc_1_2f77DoBadyxMTmv7ZpRZapHR5jbuYe7PlPd5cIRJxtNNEYyOC0ZsxaDyJJzXrnJiuDE=s800-c-k-c0x00ffffff-no-rj",
        "subs_gained_24hrs": 11423,
        "last_update": "2025-05-28T12:09:04.145Z",
        "rank": 1
    },
    {
        "channel_id": "UCq-Fj5jknLsUf-MWSy4_brA",
        "name": "T-Series",
        "subscribers": 295061811,
        "pfp": "https://yt3.ggpht.com/VunTf0NzCeboiPjbesBdnQuxaF3Lja7UGRbBGQAWRJgMSTj9TTLO3pS1X9qPOJGCNnmPrXeY=s800-c-k-c0x00ffffff-no-rj",
        "subs_gained_24hrs": 7223,
        "last_update": "2025-05-28T12:09:04.360Z",
        "rank": 2
    },
    {
        "channel_id": "UCbCmjCuTUZos6Inko4u57UQ",
        "name": "Cocomelon - Nursery Rhymes",
        "subscribers": 193638238,
        "pfp": "https://yt3.ggpht.com/ytc/AIdro_lPfVIUJedPeT8Sa0sR1OoH3ehJFJC16RcyvFgvduFPp_k=s800-c-k-c0x00ffffff-no-rj",
        "subs_gained_24hrs": 1814,
        "last_update": "2025-05-28T12:09:04.566Z",
        "rank": 3
    },
    {
        "channel_id": "UCpEhnqL0y41EpW2TvWAHD7Q",
        "name": "SET India",
        "subscribers": 184171645,
        "pfp": "https://yt3.ggpht.com/vmmZsYmryt238vqck4KAYf69gOSu22ZfqVE3rwT1tYz4hr68xl7crIUK7kghQgR6RiB9IlQ5mQ=s800-c-k-c0x00ffffff-no-rj",
        "subs_gained_24hrs": 1459,
        "last_update": "2025-05-28T12:09:04.790Z",
        "rank": 4
    },
    {
        "channel_id": "UCvlE5gTbOvjiolFlEm-c_Ow",
        "name": "Vlad and Niki",
        "subscribers": 140791913,
        "pfp": "https://yt3.ggpht.com/il7dQx5fz3qs2ykOvWQVhtjT-_grY_oPmXlah13q694r_5zUS_7M33pBuUC34Cq0VearBaT1NOE=s800-c-k-c0x00ffffff-no-rj",
        "subs_gained_24hrs": 2988,
        "last_update": "2025-05-28T12:09:05.026Z",
        "rank": 5
    },
    {
        "channel_id": "UCk8GzjMOrta8yxDcKfylJYw",
        "name": "✿ Kids Diana Show",
        "subscribers": 134955265,
        "pfp": "https://yt3.ggpht.com/ytc/AIdro_nuak4aeQJInwMJxsb8MNlnuOKktlhlLQQl_7tnWoSF5no=s800-c-k-c0x00ffffff-no-rj",
        "subs_gained_24hrs": 2049,
        "last_update": "2025-05-28T12:09:05.245Z",
        "rank": 6
    },
    {
        "channel_id": "UCJplp5SjeGSdVdwsfb9Q7lQ",
        "name": "Like Nastya",
        "subscribers": 128032270,
        "pfp": "https://yt3.ggpht.com/ytc/AIdro_mVv_9v6t_6ni8YIQZWxmabSsNCVTyGQ48CHQ8-2W-OQtM=s800-c-k-c0x00ffffff-no-rj",
        "subs_gained_24hrs": 905,
        "last_update": "2025-05-28T12:09:05.459Z",
        "rank": 7
    },
    {
        "channel_id": "UCbp9MyKCTEww4CxEzc_Tp0Q",
        "name": "Stokes Twins",
        "subscribers": 125852543,
        "pfp": "https://yt3.ggpht.com/ytc/AIdro_licRUYkb1mqyEXaQPq67wtqgk7qinfWOEvc6gjnsSofu4=s800-c-k-c0x00ffffff-no-rj",
        "subs_gained_24hrs": 2902,
        "last_update": "2025-05-28T12:09:05.679Z",
        "rank": 8
    },
    {
        "channel_id": "UCFFbwnve3yF62-tVXkTyHqg",
        "name": "Zee Music Company",
        "subscribers": 117921146,
        "pfp": "https://yt3.ggpht.com/x4fZcSujELdVRcWIt8UAFtvRZzrbfCKI2vTbXoNuG33CSN_FRJrSgwyLhXqThKfGaaqahx_FCQ=s800-c-k-c0x00ffffff-no-rj",
        "subs_gained_24hrs": 2336,
        "last_update": "2025-05-28T12:09:05.947Z",
        "rank": 9
    },
    {
        "channel_id": "UC-lHJZR3Gqxm24_Vd_AJ5Yw",
        "name": "PewDiePie",
        "subscribers": 110781608,
        "pfp": "https://yt3.ggpht.com/vik8mAiwHQbXiFyKfZ3__p55_VBdGvwxPpuPJBBwdbF0PjJxikXhrP-C3nLQAMAxGNd_-xQCIg=s800-c-k-c0x00ffffff-no-rj",
        "subs_gained_24hrs": 48,
        "last_update": "2025-05-28T12:09:06.182Z",
        "rank": 10
    },
    {
        "channel_id": "UCJ5v_MCY6GNUBTO8-D3XoAg",
        "name": "WWE",
        "subscribers": 109274999,
        "pfp": "https://yt3.ggpht.com/ytc/AIdro_muzDjR0hfGdlXBS-2A8NfR-Q9e-PO96K-gxrm2i1jSStI7=s800-c-k-c0x00ffffff-no-rj",
        "subs_gained_24hrs": 804,
        "last_update": "2025-05-28T12:09:06.364Z",
        "rank": 11
    },
    {
        "channel_id": "UCiVs2pnGW5mLIc1jS2nxhjg",
        "name": "김프로KIMPRO",
        "subscribers": 106413478,
        "pfp": "https://yt3.ggpht.com/61lpQx0TizD-UeJSv10975lLAt09xRHu0T8cz_6LnLGFwA_5L-Vz-Qa_GOXsthdkh8G7jXv1oQ=s800-c-k-c0x00ffffff-no-rj",
        "subs_gained_24hrs": 4970,
        "last_update": "2025-05-28T12:09:06.760Z",
        "rank": 12
    },
    {
        "channel_id": "UCyoXW-Dse7fURq30EWl_CUA",
        "name": "Goldmines",
        "subscribers": 105088831,
        "pfp": "https://yt3.ggpht.com/Ls4lEH-dc1OkDysPqLKpeD5CFfUzzW4cTBTkZWAuax3npqrtFhTqC91wpfe02oSd9swnyQnb=s800-c-k-c0x00ffffff-no-rj",
        "subs_gained_24hrs": 1224,
        "last_update": "2025-05-28T12:09:06.590Z",
        "rank": 13
    },
    {
        "channel_id": "UC6-F5tO8uklgE9Zy8IvbdFw",
        "name": "Sony SAB",
        "subscribers": 101446053,
        "pfp": "https://yt3.ggpht.com/W6hlyHF8FP_YVLnkzBGQYtdpf0hB8pILZvQYw4jMYIqgcGeS1RBTvk9VHUXGk3mDZhhv-26o-zc=s800-c-k-c0x00ffffff-no-rj",
        "subs_gained_24hrs": 1522,
        "last_update": "2025-05-28T12:09:06.981Z",
        "rank": 14
    },
    {
        "channel_id": "UCOmHUn--16B90oW2L6FRR3A",
        "name": "BLACKPINK",
        "subscribers": 96717023,
        "pfp": "https://yt3.ggpht.com/U3VrCkKjzTpQ3VYv4SCPjNfDHeJV-swGNnhLYhr0nV4lZz_GVUNzK4EB-HFRfKv9S5VNh14uAg=s800-c-k-c0x00ffffff-no-rj",
        "subs_gained_24hrs": 252,
        "last_update": "2025-05-28T12:09:07.154Z",
        "rank": 15
    },
    {
        "channel_id": "UCBnZ16ahKA2DZ_T5W0FPUXg",
        "name": "ChuChu TV Nursery Rhymes & Kids Songs",
        "subscribers": 96334963,
        "pfp": "https://yt3.ggpht.com/KTjDtp8uA8Oe3EmsPAUlco84sjuicowLEsxHXRHWBKKrW6ZCzNeppTP00eCs28YgHij-mHoHbw=s800-c-k-c0x00ffffff-no-rj",
        "subs_gained_24hrs": 446,
        "last_update": "2025-05-28T12:09:07.392Z",
        "rank": 16
    },
    {
        "channel_id": "UC5gxP-2QqIh_09djvlm9Xcg",
        "name": "Alan's Universe",
        "subscribers": 92662929,
        "pfp": "https://yt3.ggpht.com/QYrADJNN_BMJSYm0LkqAs13ehWHjtxITE7kSBPsEIB_I_VFeDvujpH4aJfHfJO3FsFMsYa6Oig=s800-c-k-c0x00ffffff-no-rj",
        "subs_gained_24hrs": 1914,
        "last_update": "2025-05-28T12:09:07.614Z",
        "rank": 17
    },
    {
        "channel_id": "UCppHT7SZKKvar4Oc9J4oljQ",
        "name": "Zee TV",
        "subscribers": 90508791,
        "pfp": "https://yt3.ggpht.com/PJQSKWIoT4FtgVPt9_poRsAL60Bu74JNNuYwU3wBwPrsaCvQ5TO0oLWD7lWcYBRLjoB_fGf21g=s800-c-k-c0x00ffffff-no-rj",
        "subs_gained_24hrs": 2688,
        "last_update": "2025-05-28T12:09:07.834Z",
        "rank": 18
    },
    {
        "channel_id": "UCcdwLMPsaU2ezNSJU1nFoBQ",
        "name": "Baby Shark - Pinkfong Kids’ Songs & Stories",
        "subscribers": 81764043,
        "pfp": "https://yt3.ggpht.com/UY8ewm3Yg4Uxs21jY3XyctH8qMETYnt0AQRG1JCqrSa8dFHOrOg9zlklQrD98krZI7i33XXG=s800-c-k-c0x00ffffff-no-rj",
        "subs_gained_24hrs": 596,
        "last_update": "2025-05-28T12:09:08.046Z",
        "rank": 19
    },
    {
        "channel_id": "UC295-Dw_tDNtZXFeAPAW6Aw",
        "name": "5-Minute Crafts",
        "subscribers": 81084211,
        "pfp": "https://yt3.ggpht.com/qxMg7xnccD_tt-YtUTTK-ctCtUqUH9d3qKsbqm_DAti0nC7RHVbFlFiC6k8BoNS1O2O4ytAlZiE=s800-c-k-c0x00ffffff-no-rj",
        "subs_gained_24hrs": -13,
        "last_update": "2025-05-28T12:09:08.224Z",
        "rank": 20
    },
    {
        "channel_id": "UC2tsySbe9TNrI-xh2lximHA",
        "name": "A4",
        "subscribers": 80758711,
        "pfp": "https://yt3.ggpht.com/ytc/AIdro_lqzy4I8Yzqb6copV_YrpoC8dEzkkuXifDzGxXaELn0v_A=s800-c-k-c0x00ffffff-no-rj",
        "subs_gained_24hrs": 3333,
        "last_update": "2025-05-28T12:09:09.316Z",
        "rank": 21
    },
    {
        "channel_id": "UCLkAepWjdylmXSltofFvsYQ",
        "name": "BANGTANTV",
        "subscribers": 80431349,
        "pfp": "https://yt3.ggpht.com/pbESKAjfNT6bL7WjlWxbyiJ2h8ceCOKYLJwpo2ZM8gCesyGCWZbVtJ8VVuIxhRk-QOwU64ou=s800-c-k-c0x00ffffff-no-rj",
        "subs_gained_24hrs": 392,
        "last_update": "2025-05-28T12:09:08.468Z",
        "rank": 22
    },
    {
        "channel_id": "UC55IWqFLDH1Xp7iu1_xknRA",
        "name": "Colors TV",
        "subscribers": 80397326,
        "pfp": "https://yt3.ggpht.com/_HiwjoVNdxhATkMAaM8auupn4l_NBmNjmWO2ft8pGHQcQsEZ16UWRU55jiIyYTwORnRR0_T5mQ=s800-c-k-c0x00ffffff-no-rj",
        "subs_gained_24hrs": 435,
        "last_update": "2025-05-28T12:09:08.689Z",
        "rank": 23
    },
    {
        "channel_id": "UCrnQFuUabBHaw-BRhPo8xEA",
        "name": "ZAMZAM ELECTRONICS TRADING",
        "subscribers": 77750826,
        "pfp": "https://yt3.ggpht.com/Ch7BHLZJxOfU4ZwGmIq3S8L7BLAkTAHdSdEzpVCh9OIC8NFGj7GfWLIV_NJCmIoIcEQgKSmx=s800-c-k-c0x00ffffff-no-rj",
        "subs_gained_24hrs": 918,
        "last_update": "2025-05-28T12:09:09.789Z",
        "rank": 24
    },
    {
        "channel_id": "UC3IZKseVpdzPSBaWxBxundA",
        "name": "HYBE LABELS",
        "subscribers": 77325029,
        "pfp": "https://yt3.ggpht.com/ytc/AIdro_l8g0yRFG8xoe_qeqk8Ki9UFy36cB2IjZEWZWz0h7gl-t0=s800-c-k-c0x00ffffff-no-rj",
        "subs_gained_24hrs": 345,
        "last_update": "2025-05-28T12:09:09.558Z",
        "rank": 25
    },
    {
        "channel_id": "UCaayLD9i5x4MmIoVZxXSv_g",
        "name": "T-Series Bhakti Sagar",
        "subscribers": 76327210,
        "pfp": "https://yt3.ggpht.com/ytc/AIdro_lEOsOKSwfkzCB5bj1mTBIKOG7rBJmipaGnWMtcUnEF0I6J=s800-c-k-c0x00ffffff-no-rj",
        "subs_gained_24hrs": 1153,
        "last_update": "2025-05-28T12:09:10.011Z",
        "rank": 26
    },
    {
        "channel_id": "UCJrDMFOdv1I2k8n9oK_V21w",
        "name": "Tips Official",
        "subscribers": 75694971,
        "pfp": "https://yt3.ggpht.com/zSQrmF-U4JwDv9QalTMOuEEWjGDjM9LvNgahKGGks6WKhe6XEOFf2C4ErQ-1-J9o2wFrHtIw5A=s800-c-k-c0x00ffffff-no-rj",
        "subs_gained_24hrs": 2347,
        "last_update": "2025-05-28T12:09:10.694Z",
        "rank": 27
    },
    {
        "channel_id": "UCgFXm4TI8htWmCyJ6cVPG_A",
        "name": "Toys and Colors",
        "subscribers": 75541197,
        "pfp": "https://yt3.ggpht.com/ytc/AIdro_nKO-qf2jEK-xmzuggQvgjoHJO1xBIxDQ3bEgxuI4PLyHk=s800-c-k-c0x00ffffff-no-rj",
        "subs_gained_24hrs": 2615,
        "last_update": "2025-05-28T12:09:10.911Z",
        "rank": 28
    },
    {
        "channel_id": "UCIwFjwMjI0y7PDBVEO9-bkQ",
        "name": "Justin Bieber",
        "subscribers": 75438534,
        "pfp": "https://yt3.ggpht.com/ytc/AIdro_ncDOZtOT-S5kW_ytro_LqN_ZSd-jF-RC5bAt9rmze3U84=s800-c-k-c0x00ffffff-no-rj",
        "subs_gained_24hrs": 197,
        "last_update": "2025-05-28T12:09:10.222Z",
        "rank": 29
    },
    {
        "channel_id": "UCtxD0x6AuNNqdXO9Wp5GHew",
        "name": "UR · Cristiano",
        "subscribers": 75186041,
        "pfp": "https://yt3.ggpht.com/7HR7AS1zqCg3HDKKhU734Hoqaz277rXAkSkjJlui8cf_jrw31GZF2aPn3i9JS6Hhwgcxutp0jg=s800-c-k-c0x00ffffff-no-rj",
        "subs_gained_24hrs": 569,
        "last_update": "2025-05-28T12:09:10.466Z",
        "rank": 30
    },
    {
        "channel_id": "UCL5nlHWXVLeOsSjKH2fhmsg",
        "name": "KL BRO Biju Rithvik",
        "subscribers": 72832904,
        "pfp": "https://yt3.ggpht.com/5Q5NTVd5rWCnzlhJj6L2b_OAFlygH2g0lU9VSkq057jY3zP_Qc-2FO69JIgmLHNAOsnAaqCPvQ=s800-c-k-c0x00ffffff-no-rj",
        "subs_gained_24hrs": 1838,
        "last_update": "2025-05-28T12:09:11.371Z",
        "rank": 31
    },
    {
        "channel_id": "UCt4t-jeY85JegMlZ-E5UWtA",
        "name": "Aaj Tak",
        "subscribers": 72495074,
        "pfp": "https://yt3.ggpht.com/ytc/AIdro_m1WLxquYeEO9VgyA7-cYFrn_hd2dSaNtmL8-NIHMCQIuPQ=s800-c-k-c0x00ffffff-no-rj",
        "subs_gained_24hrs": 600,
        "last_update": "2025-05-28T12:09:11.604Z",
        "rank": 32
    },
    {
        "channel_id": "UCP6uH_XlsxrXwZQ4DlqbqPg",
        "name": "Shemaroo Filmi Gaane",
        "subscribers": 72168532,
        "pfp": "https://yt3.ggpht.com/IZPkATp1E7hxHlLWSCR0mo7dQRgAiV2VV-FBC_F5CUn58SnuzlnKHYG-QhQc105E-g3hXuWmxQ=s800-c-k-c0x00ffffff-no-rj",
        "subs_gained_24hrs": 924,
        "last_update": "2025-05-28T12:09:11.140Z",
        "rank": 33
    },
    {
        "channel_id": "UC1ciY6kR3yj3kaKZ6R7ewAg",
        "name": "Infobells - Hindi",
        "subscribers": 69877644,
        "pfp": "https://yt3.ggpht.com/ytc/AIdro_mWKlOUcsnrq8oXV8BemcuyrfG52ztaqZmoDThFc1v-etg=s800-c-k-c0x00ffffff-no-rj",
        "subs_gained_24hrs": 1329,
        "last_update": "2025-05-28T12:09:11.773Z",
        "rank": 34
    },
    {
        "channel_id": "UCK1i2UviaXLUNrZlAFpw_jA",
        "name": "El Reino Infantil",
        "subscribers": 69100244,
        "pfp": "https://yt3.ggpht.com/JzIyfovSV3fVXtsYTwnKsTTnJML9bae6MM_NC2wU2F35XPn3NevnFU6YGS1-R-i6Xn2Qj9Zv=s800-c-k-c0x00ffffff-no-rj",
        "subs_gained_24hrs": 751,
        "last_update": "2025-05-28T12:09:12.009Z",
        "rank": 35
    },
    {
        "channel_id": "UCY1kMZp36IQSyNx_9h4mpCg",
        "name": "Mark Rober",
        "subscribers": 68499420,
        "pfp": "https://yt3.ggpht.com/ytc/AIdro_ksXY2REjZ6gYKSgnWT5jC_zT9mX900vyFtVinR8KbHww=s800-c-k-c0x00ffffff-no-rj",
        "subs_gained_24hrs": 2086,
        "last_update": "2025-05-28T12:09:12.426Z",
        "rank": 36
    },
    {
        "channel_id": "UCe9JSDmyqNgA_l2BzGHq1Ug",
        "name": "HAR PAL GEO",
        "subscribers": 68213399,
        "pfp": "https://yt3.ggpht.com/gmRmvRYUHVbi2YnWiM_RbJtwPMkKK_WJfsWYINioLLVutKiQ5_Yf1xbGY57qGJydAY7zNuRp6Q=s800-c-k-c0x00ffffff-no-rj",
        "subs_gained_24hrs": 1720,
        "last_update": "2025-05-28T12:09:12.638Z",
        "rank": 37
    },
    {
        "channel_id": "UCffDXn7ycAzwL2LDlbyWOTw",
        "name": "Canal KondZilla",
        "subscribers": 67763923,
        "pfp": "https://yt3.ggpht.com/XOT7BqwR_s_WEkUXTLMoFXboL31sNK1skBvtPR4aPaQPNgLK1bmMe44HliEuJhuABuemklxLnQ=s800-c-k-c0x00ffffff-no-rj",
        "subs_gained_24hrs": 58,
        "last_update": "2025-05-28T12:09:12.256Z",
        "rank": 38
    },
    {
        "channel_id": "UCoQm-PeHC-cbJclKJYJ8LzA",
        "name": "Fede Vigevani",
        "subscribers": 67325902,
        "pfp": "https://yt3.ggpht.com/YZ7gOQ8piWHJELvXxq0p2rIb942UdvBCy27y6DwTxE2-t_y7Iemd4vM17QmLMJra82s5gxzlL_s=s800-c-k-c0x00ffffff-no-rj",
        "subs_gained_24hrs": 383,
        "last_update": "2025-05-28T12:09:12.850Z",
        "rank": 39
    },
    {
        "channel_id": "UC56gTxNs4f9xZ7Pa2i5xNzg",
        "name": "Sony Music India",
        "subscribers": 65773060,
        "pfp": "https://yt3.ggpht.com/42o3XIW1j5zmzsFeZs3ND4QwaXXrnpK9vqftcEuEdbgNhPbltXRktcSmyJ12-gSRqKch93Ir=s800-c-k-c0x00ffffff-no-rj",
        "subs_gained_24hrs": 1756,
        "last_update": "2025-05-28T12:09:13.252Z",
        "rank": 40
    },
    {
        "channel_id": "UC22nIfOTM7KLIQuFGMKzQbg",
        "name": "Wave Music",
        "subscribers": 65752588,
        "pfp": "https://yt3.ggpht.com/-m-efGozwxkvoZiijhjJcLSuUxZQpXvJu9tObrAbfhrtr67AAf1V674HBB8eHixOLHrj3WBlgxI=s800-c-k-c0x00ffffff-no-rj",
        "subs_gained_24hrs": 684,
        "last_update": "2025-05-28T12:09:13.025Z",
        "rank": 41
    },
    {
        "channel_id": "UCbTLwN10NoCU4WDzLf1JMOA",
        "name": "YRF",
        "subscribers": 65697331,
        "pfp": "https://yt3.ggpht.com/ukiLOR2xcRjb4vEfv_DvcTU-5WgGyhwL3w1jQxvTBVdMbBlrtDopxKwg8Scs66C8nFgXu-cl=s800-c-k-c0x00ffffff-no-rj",
        "subs_gained_24hrs": 1465,
        "last_update": "2025-05-28T12:09:13.514Z",
        "rank": 42
    },
    {
        "channel_id": "UCPuEAY09CtdTzFNWuqVZgDw",
        "name": "Topper Guild",
        "subscribers": 65583333,
        "pfp": "https://yt3.ggpht.com/tIUjsEc4SPp4pLASoh1Zvt9Oto5X9qdkWUTeJPDTUcuhLLbh_QAdn7R4CXTcGT-EfG03-DDQ=s800-c-k-c0x00ffffff-no-rj",
        "subs_gained_24hrs": 8231,
        "last_update": "2025-05-28T12:09:15.011Z",
        "rank": 43
    },
    {
        "channel_id": "UCfM3zsQsOnfWNUppiycmBuw",
        "name": "EminemMusic",
        "subscribers": 64998629,
        "pfp": "https://yt3.ggpht.com/ytc/AIdro_ny_3E5NhElVE1msnq1HUwtnpjlV0JdXJ3h11Df2tlNmTQ=s800-c-k-c0x00ffffff-no-rj",
        "subs_gained_24hrs": 387,
        "last_update": "2025-05-28T12:09:14.090Z",
        "rank": 44
    },
    {
        "channel_id": "UCZs0WwC0Dn_noiQE2BHSTKg",
        "name": "Alejo Igoa",
        "subscribers": 64494292,
        "pfp": "https://yt3.ggpht.com/vvwc5dVu5nXqxqdmUcZTV_c9kUzfSmwHXWqTCanFUVQcgR06_lOM2QD_uNqWH3A8_w40tMfxuQ=s800-c-k-c0x00ffffff-no-rj",
        "subs_gained_24hrs": 1564,
        "last_update": "2025-05-28T12:09:14.551Z",
        "rank": 45
    },
    {
        "channel_id": "UC3gNmTGu-TTbFPpfSs5kNkg",
        "name": "Movieclips",
        "subscribers": 64197945,
        "pfp": "https://yt3.ggpht.com/1uIk9g0sODh4NzeUK86fyEa67EUfZLNDa3FRLfSV0JzvmWrFSZeQVlGQmOnDEcjMZoGFb8MqVQ=s800-c-k-c0x00ffffff-no-rj",
        "subs_gained_24hrs": 330,
        "last_update": "2025-05-28T12:09:14.308Z",
        "rank": 46
    },
    {
        "channel_id": "UC4JCksJF76g_MdzPVBJoC3Q",
        "name": "ARY Digital HD",
        "subscribers": 63297627,
        "pfp": "https://yt3.ggpht.com/BLMycu5nIFNw51ZSkZU1ftvTJ_13Ttv-Bsm33ScrYV1SlNgMQzsi3NdQqUkIYvFaCO1bLMU47A=s800-c-k-c0x00ffffff-no-rj",
        "subs_gained_24hrs": 1705,
        "last_update": "2025-05-28T12:09:14.800Z",
        "rank": 47
    },
    {
        "channel_id": "UCOnIJiQuk1fDSp6p1GCZy3A",
        "name": "YOLO AVENTURAS",
        "subscribers": 62427596,
        "pfp": "https://yt3.ggpht.com/CXjPCwqHWq_X1SznGbTd6O3wVoPjxRbTgyy8Q3fAo83GQSPmi8T5NVohcMyz8pw7HI3Qbw5lng=s800-c-k-c0x00ffffff-no-rj",
        "subs_gained_24hrs": 2183,
        "last_update": "2025-05-28T12:09:15.248Z",
        "rank": 48
    },
    {
        "channel_id": "UC6QZ_ss3i_8qLV_RczPZBkw",
        "name": "ISSEI / いっせい",
        "subscribers": 61417063,
        "pfp": "https://yt3.ggpht.com/WQJfAcYaEL-sQ7LcF86SHG-T4u9zjiSScvdFxh73GCFJKleVcTakwZaqMhsGdZ64gfccQ2gn4Q=s800-c-k-c0x00ffffff-no-rj",
        "subs_gained_24hrs": 2881,
        "last_update": "2025-05-28T12:09:16.156Z",
        "rank": 49
    },
    {
        "channel_id": "UCRijo3ddMTht_IHyNSNXpNQ",
        "name": "Dude Perfect",
        "subscribers": 61260238,
        "pfp": "https://yt3.ggpht.com/nZRsCgyfOVFhBzY-YFV8AhdMcYAybNZ8uttjcsrUGOnGRSVF5yKqRh6XHIs_o03TcbixvlOZ=s800-c-k-c0x00ffffff-no-rj",
        "subs_gained_24hrs": 388,
        "last_update": "2025-05-28T12:09:15.469Z",
        "rank": 50
    },
    {
        "channel_id": "UCqECaJ8Gagnn7YCbPEzWH6g",
        "name": "Taylor Swift",
        "subscribers": 61062407,
        "pfp": "https://yt3.ggpht.com/PFmecESWwRnrbIFZ04vG6UbdXKzjyC3vQkufqqEYEHpXlwHFRMDN8RuvG7A1WRnbGKVZTcyFYQ=s800-c-k-c0x00ffffff-no-rj",
        "subs_gained_24hrs": 158,
        "last_update": "2025-05-28T12:09:15.713Z",
        "rank": 51
    },
    {
        "channel_id": "UC4NALVCmcmL5ntpV0thoH6w",
        "name": "LooLoo Kids - Nursery Rhymes and Children's Songs",
        "subscribers": 60213214,
        "pfp": "https://yt3.ggpht.com/XQ8Z5bwcV4dgjWEYFI1n1M9W2lgEP6RPh8LxqUq6ScFkXWXXwZIz0TTun_B05TTiTvReU5vy=s800-c-k-c0x00ffffff-no-rj",
        "subs_gained_24hrs": 111,
        "last_update": "2025-05-28T12:09:15.943Z",
        "rank": 52
    },
    {
        "channel_id": "UC4wEPe5mrHGAUjjTfXH_C-Q",
        "name": "Anaya Kandhal",
        "subscribers": 60016121,
        "pfp": "https://yt3.ggpht.com/Wf_SW1J54YH3ZahhvU7CtF9V_IooNAVzQTkHtgxpHkfJSssWFEs_WR6qXGwieEbvLyUjdNtY=s800-c-k-c0x00ffffff-no-rj",
        "subs_gained_24hrs": 3610,
        "last_update": "2025-05-28T12:09:16.561Z",
        "rank": 53
    },
    {
        "channel_id": "UC0Wju2yvRlfwqraLlz5152Q",
        "name": "PANDA BOI",
        "subscribers": 58663833,
        "pfp": "https://yt3.ggpht.com/Eea7wEGVog5xpo1GAoOwc9hlj31T395FzKUwnUr8VERoO-x0InNVbINT2ron3WrVsqsEbSwo7LU=s800-c-k-c0x00ffffff-no-rj",
        "subs_gained_24hrs": 124,
        "last_update": "2025-05-28T12:09:16.371Z",
        "rank": 54
    },
    {
        "channel_id": "UCF1JIbMUs6uqoZEY1Haw0GQ",
        "name": "Shemaroo",
        "subscribers": 58627724,
        "pfp": "https://yt3.ggpht.com/ytc/AIdro_mhdF4RNZM9OHP-A8BvrQO4q6BenIVFCTfjURrYjYxAxw=s800-c-k-c0x00ffffff-no-rj",
        "subs_gained_24hrs": 1333,
        "last_update": "2025-05-28T12:09:16.826Z",
        "rank": 55
    },
    {
        "channel_id": "UCyagEfIN1okQ-s996XAqCFQ",
        "name": "Zhong",
        "subscribers": 58290772,
        "pfp": "https://yt3.ggpht.com/FKuNOzSM4kV6WgdJK4iJ7mqCJmONtUbY_b52vskqQUYe7kjUB8iUeVMn8lLMzAO8z_YSDm4L=s800-c-k-c0x00ffffff-no-rj",
        "subs_gained_24hrs": 1902,
        "last_update": "2025-05-28T12:09:17.582Z",
        "rank": 56
    },
    {
        "channel_id": "UCEdvpU2pFRCVqU6yIPyTpMQ",
        "name": "Marshmello",
        "subscribers": 57991093,
        "pfp": "https://yt3.ggpht.com/2GJvU2yyxBNA85vmPfEKFrXpCZqkL4sXRa85cAb3PSq-0veAUTT2m4-vxM6ARcd5WladmvST=s800-c-k-c0x00ffffff-no-rj",
        "subs_gained_24hrs": 91,
        "last_update": "2025-05-28T12:09:17.052Z",
        "rank": 57
    },
    {
        "channel_id": "UCRx3mKNUdl8QE06nEug7p6Q",
        "name": "Billion Surprise Toys",
        "subscribers": 57687905,
        "pfp": "https://yt3.ggpht.com/0DzYUJzDvBjL3vrf8s6ITdqyu_HYfk94jYbXiPF-a3fodSukHgpX3rIckPnYi3sDVj1mtkNSSw=s800-c-k-c0x00ffffff-no-rj",
        "subs_gained_24hrs": -9,
        "last_update": "2025-05-28T12:09:17.225Z",
        "rank": 58
    },
    {
        "channel_id": "UCMgapddJymOC6MBOiOqia1A",
        "name": "आचार्य प्रशान्त - Acharya Prashant",
        "subscribers": 56663539,
        "pfp": "https://yt3.ggpht.com/n3W8TSyFDRmdMNLyz7RgqY-rFTrbZbQ2K5URmBbEmnpe1bzYwfoAeWQyy9pDALjjAl6qjbLq5Gw=s800-c-k-c0x00ffffff-no-rj",
        "subs_gained_24hrs": 1188,
        "last_update": "2025-05-28T12:09:18.016Z",
        "rank": 59
    },
    {
        "channel_id": "UC0C-w0YjGpqDXGB8IHb662A",
        "name": "Ed Sheeran",
        "subscribers": 56480480,
        "pfp": "https://yt3.ggpht.com/pZQ5JMD4EOI8TcNYAPTzMexe_fC0CKnb_hYlV4rPfIzmDidF239fH1XKmzkeT30XSg7fxNwc_w=s800-c-k-c0x00ffffff-no-rj",
        "subs_gained_24hrs": 208,
        "last_update": "2025-05-28T12:09:17.401Z",
        "rank": 60
    },
    {
        "channel_id": "UCqJ5zFEED1hWs0KNQCQuYdQ",
        "name": "Mikecrack",
        "subscribers": 56471106,
        "pfp": "https://yt3.ggpht.com/fuDBmMf8vPJYWpka58XVVY9Y2g8C9XaZMQtEoFUY05VLFP-Dz64A_-n_XvWfUPb_W79NB3Xz5g=s800-c-k-c0x00ffffff-no-rj",
        "subs_gained_24hrs": 259,
        "last_update": "2025-05-28T12:09:17.801Z",
        "rank": 61
    },
    {
        "channel_id": "UC3MLnJtqc_phABBriLRhtgQ",
        "name": "SonyMusicIndiaVEVO",
        "subscribers": 56338242,
        "pfp": "https://yt3.ggpht.com/R04QrRbPUZuuVoM8Qw4JPw3xXJb-6AaO4L8D_mHIOgY_3ZGdeTXWxASkdJK811RqrxyK_fBWmzw=s800-c-k-c0x00ffffff-no-rj",
        "subs_gained_24hrs": 705,
        "last_update": "2025-05-28T12:09:18.448Z",
        "rank": 62
    },
    {
        "channel_id": "UC9CoOnJkIBMdeijd9qYoT_g",
        "name": "Ariana Grande",
        "subscribers": 56111272,
        "pfp": "https://yt3.ggpht.com/vLWO1tajYHyFJ3lGkcMxKMayA-ZNUqCUYj5bOO8TWhNVL7EV-bjxmguUkZ3B2dMsAtZYir8r=s800-c-k-c0x00ffffff-no-rj",
        "subs_gained_24hrs": 115,
        "last_update": "2025-05-28T12:09:18.232Z",
        "rank": 63
    },
    {
        "channel_id": "UCXbYlU08sOTBktOtjVsvR6w",
        "name": "ToRung",
        "subscribers": 55915841,
        "pfp": "https://yt3.ggpht.com/EYFTKLefsLCp52ZinRLH5Olzn0ZaHgHV30UoazKKXd-y8WYLcedms_vNOpB6pgx5seamUzun7A=s800-c-k-c0x00ffffff-no-rj",
        "subs_gained_24hrs": 680,
        "last_update": "2025-05-28T12:09:19.376Z",
        "rank": 64
    },
    {
        "channel_id": "UC-LPIU24bQXVljUXivKEeRQ",
        "name": "StarPlus",
        "subscribers": 55854856,
        "pfp": "https://yt3.ggpht.com/FlHzLJ_YI3Futu7aR_36f5PfnwDi6u45P0jvIS5jec2xatMkhdDgoSp0oai225Ci9ZxZ8nI2bw=s800-c-k-c0x00ffffff-no-rj",
        "subs_gained_24hrs": 395,
        "last_update": "2025-05-28T12:09:19.194Z",
        "rank": 65
    },
    {
        "channel_id": "UCiGm_E4ZwYSHV3bcW1pnSeQ",
        "name": "Billie Eilish",
        "subscribers": 55810577,
        "pfp": "https://yt3.ggpht.com/dirvtoDAmx-u0UR76-pxfhYL6Wxj2vfL2geUcxDwk62tTWWhGG6QDGc63RG3NdOz38-yBwRHDQ=s800-c-k-c0x00ffffff-no-rj",
        "subs_gained_24hrs": 369,
        "last_update": "2025-05-28T12:09:18.672Z",
        "rank": 66
    },
    {
        "channel_id": "UCRv76wLBC73jiP7LX4C3l8Q",
        "name": "Маша и Медведь",
        "subscribers": 55758569,
        "pfp": "https://yt3.ggpht.com/1aEONTxKKZyH34xHy5OeXeRRs8YB8CqcUBO9WaXN-ss6Hhc1nzcnre1mkZSdjoDUX6Rh11yI=s800-c-k-c0x00ffffff-no-rj",
        "subs_gained_24hrs": 878,
        "last_update": "2025-05-28T12:09:27.870Z",
        "rank": 67
    },
    {
        "channel_id": "UClZkHt2kNIgyrTTPnSQV3SA",
        "name": "Get Movies",
        "subscribers": 55562684,
        "pfp": "https://yt3.ggpht.com/LJtHidoRaUOdr8hGP8dsMAWA2k2ETbgkSGBxbF6bGIxV4K5IjEoR0LVnzm_te32fV8esryFI=s800-c-k-c0x00ffffff-no-rj",
        "subs_gained_24hrs": 418,
        "last_update": "2025-05-28T12:09:26.508Z",
        "rank": 68
    },
    {
        "channel_id": "UC_A7K2dXFsTMAciGmnNxy-Q",
        "name": "Saregama Music",
        "subscribers": 55494874,
        "pfp": "https://yt3.ggpht.com/kzVDg0rujy7laR7qjVTsa7GaiJd6WkQrSlJxDNrhzakH7681kmv7tnoF7VaDmixuYs59QuED8A=s800-c-k-c0x00ffffff-no-rj",
        "subs_gained_24hrs": 2275,
        "last_update": "2025-05-28T12:09:19.614Z",
        "rank": 69
    },
    {
        "channel_id": "UCVNouUw3d3l5JYVCxhAQXKA",
        "name": "Bispo Bruno Leonardo",
        "subscribers": 55384334,
        "pfp": "https://yt3.ggpht.com/npxZ3EzDk--AR3RRGINVRA-pEsxp2Vic9heqED2QPUZZZd0aR5Gzh7toshkKHWGqk-xgFEPEAwQ=s800-c-k-c0x00ffffff-no-rj",
        "subs_gained_24hrs": 1916,
        "last_update": "2025-05-28T12:09:20.498Z",
        "rank": 70
    },
    {
        "channel_id": "UCJg19noZp7-BYIGvypu_cow",
        "name": "JioHotstar Kids",
        "subscribers": 55124379,
        "pfp": "https://yt3.ggpht.com/juX0nVXr-d7Z8fIMIINtXnKmI6Z0B59cMEtTUqzyIFoID7lWlQLwXiFVfnmRSW755FVK8qLWiw=s800-c-k-c0x00ffffff-no-rj",
        "subs_gained_24hrs": 1634,
        "last_update": "2025-05-28T12:09:19.850Z",
        "rank": 71
    },
    {
        "channel_id": "UCvh1at6xpV1ytYOAzxmqUsA",
        "name": "Jess No Limit",
        "subscribers": 54295792,
        "pfp": "https://yt3.ggpht.com/72jGosJaua07u-qA8mROVLpQNII_pdx6hKuBhu-jcxejUWnkfvpLxX5raPy79l7VTSSP3uUx2g=s800-c-k-c0x00ffffff-no-rj",
        "subs_gained_24hrs": -12,
        "last_update": "2025-05-28T12:09:20.061Z",
        "rank": 72
    },
    {
        "channel_id": "UCYiGq8XF7YQD00x7wAd62Zg",
        "name": "JuegaGerman",
        "subscribers": 53427742,
        "pfp": "https://yt3.ggpht.com/vOsrLzWD4z1dbr470nEXydi3Kb55jW6YqcpQiq1LHyj9IvElga7zBHEfqFZvC26BRKmQimEbiA=s800-c-k-c0x00ffffff-no-rj",
        "subs_gained_24hrs": 165,
        "last_update": "2025-05-28T12:09:20.276Z",
        "rank": 73
    },
    {
        "channel_id": "UCd5ApCORQsMOZZz5E9oVeFA",
        "name": "Alfredo Larin",
        "subscribers": 52814882,
        "pfp": "https://yt3.ggpht.com/riUnRk7aFeEFY2jTn4YdTgccTWLLF0Ox1rphjruEQawTin6tddLE1C-Jva2T8k_xs6qA1FSbqA=s800-c-k-c0x00ffffff-no-rj",
        "subs_gained_24hrs": 1374,
        "last_update": "2025-05-28T12:09:21.234Z",
        "rank": 74
    },
    {
        "channel_id": "UCstEtN0pgOmCf02EdXsGChw",
        "name": "ABS-CBN Entertainment",
        "subscribers": 52656080,
        "pfp": "https://yt3.ggpht.com/JL3LJG2daL2Uv2N6JocY0rNs_37iQbaypfVg_bTghJppQ2SXaZ-_Jzp-csXEIgLi1k7Sdh9mbg=s800-c-k-c0x00ffffff-no-rj",
        "subs_gained_24hrs": 345,
        "last_update": "2025-05-28T12:09:20.720Z",
        "rank": 75
    },
    {
        "channel_id": "UCgKEvLp8DXCTMq4QY6wW7bw",
        "name": "Real fools shorts official",
        "subscribers": 52523460,
        "pfp": "https://yt3.ggpht.com/8kllzNv_4fOg31JamUCeqxI4cwNx5NGtgmaOvq1fpmDPfwJbvx_yS45r5FRD4aRR69V2gdpe=s800-c-k-c0x00ffffff-no-rj",
        "subs_gained_24hrs": 952,
        "last_update": "2025-05-28T12:09:20.888Z",
        "rank": 76
    },
    {
        "channel_id": "UC_gV70G_Y51LTa3qhu8KiEA",
        "name": "LUCCAS TOON - LUCCAS NETO",
        "subscribers": 52198397,
        "pfp": "https://yt3.ggpht.com/FRocTJajX8cs7cSCVbVyBJxVF3mKc5Otyxu_oMgEZpX_LASA7eK6bIdPj7NUpW9Ott58qD_ogB4=s800-c-k-c0x00ffffff-no-rj",
        "subs_gained_24hrs": 1957,
        "last_update": "2025-05-28T12:09:21.057Z",
        "rank": 77
    },
    {
        "channel_id": "UC6gVx_vALsYT-z_u1djJbBQ",
        "name": "BETER BÖCÜK",
        "subscribers": 51552786,
        "pfp": "https://yt3.ggpht.com/h6JNY_6GJWYJkhoROr-XyTI8KNbzG5PdL7lxmU4dvbzpnrm5ZzTZgxJz7y8t1E3gkPmcwpJpLZE=s800-c-k-c0x00ffffff-no-rj",
        "subs_gained_24hrs": 114,
        "last_update": "2025-05-28T12:09:21.447Z",
        "rank": 78
    },
    {
        "channel_id": "UCu59yAFE8fM0sVNTipR4edw",
        "name": "Masha and The Bear",
        "subscribers": 51464015,
        "pfp": "https://yt3.ggpht.com/Ia1a2vY3Bj2OOx1i5wY7SYtszFaQl625U83sgvaMYrm63Ln4KoMluY2D2WeWpKjcU8KHjVFJ=s800-c-k-c0x00ffffff-no-rj",
        "subs_gained_24hrs": 340,
        "last_update": "2025-05-28T12:09:27.060Z",
        "rank": 79
    },
    {
        "channel_id": "UCwHE1kM1CPJd_pI9FQ0-4dg",
        "name": "shfa",
        "subscribers": 51145368,
        "pfp": "https://yt3.ggpht.com/ytc/AIdro_kR2yABwzXg1bW3X3qVV3euZ3s4pSDNL1PpvdeYAZwP9yo=s800-c-k-c0x00ffffff-no-rj",
        "subs_gained_24hrs": 660,
        "last_update": "2025-05-28T12:09:21.659Z",
        "rank": 80
    }
]