[
          {
                    "channel_id": "UCX6OQ3DkcsbYNE6H8uQQuVA",
                    "name": "MrBeast",
                    "subscribers": 398859998,
                    "goal": 140002,
                    "pfp": "https://www.banner.yt/UCX6OQ3DkcsbYNE6H8uQQuVA/avatar",
                    "verified": true,
                    "subs_gained_24hrs": 10300,
                    "last_update": "2025-05-28T18:42:02.572Z",
                    "rank": 1
          },
          {
                    "channel_id": "UCq-Fj5jknLsUf-MWSy4_brA",
                    "name": "T-Series",
                    "subscribers": 295083699,
                    "goal": 916301,
                    "pfp": "https://yt3.ggpht.com/VunTf0NzCeboiPjbesBdnQuxaF3Lja7UGRbBGQAWRJgMSTj9TTLO3pS1X9qPOJGCNnmPrXeY=s200-c-k-c0x00ffffff-no-rj",
                    "verified": true,
                    "subs_gained_24hrs": 5000,
                    "last_update": "2025-05-28T18:42:03.338Z",
                    "rank": 2
          },
          {
                    "channel_id": "UCbCmjCuTUZos6Inko4u57UQ",
                    "name": "Cocomelon - Nursery Rhymes",
                    "subscribers": 193744896,
                    "goal": 255104,
                    "pfp": "https://yt3.ggpht.com/ytc/AIdro_lPfVIUJedPeT8Sa0sR1OoH3ehJFJC16RcyvFgvduFPp_k=s200-c-k-c0x00ffffff-no-rj",
                    "verified": true,
                    "subs_gained_24hrs": 2400,
                    "last_update": "2025-05-28T18:42:03.609Z",
                    "rank": 3
          },
          {
                    "channel_id": "UCpEhnqL0y41EpW2TvWAHD7Q",
                    "name": "SET India",
                    "subscribers": 184200880,
                    "goal": 799120,
                    "pfp": "https://yt3.ggpht.com/vmmZsYmryt238vqck4KAYf69gOSu22ZfqVE3rwT1tYz4hr68xl7crIUK7kghQgR6RiB9IlQ5mQ=s200-c-k-c0x00ffffff-no-rj",
                    "verified": true,
                    "subs_gained_24hrs": 1200,
                    "last_update": "2025-05-28T18:42:04.376Z",
                    "rank": 4
          },
          {
                    "channel_id": "UCvlE5gTbOvjiolFlEm-c_Ow",
                    "name": "Vlad and Niki",
                    "subscribers": 140925955,
                    "goal": 74045,
                    "pfp": "https://yt3.ggpht.com/il7dQx5fz3qs2ykOvWQVhtjT-_grY_oPmXlah13q694r_5zUS_7M33pBuUC34Cq0VearBaT1NOE=s200-c-k-c0x00ffffff-no-rj",
                    "verified": true,
                    "subs_gained_24hrs": 3900,
                    "last_update": "2025-05-28T18:42:05.146Z",
                    "rank": 5
          },
          {
                    "channel_id": "UCk8GzjMOrta8yxDcKfylJYw",
                    "name": "✿ Kids Diana Show",
                    "subscribers": 134687560,
                    "goal": 312440,
                    "pfp": "https://yt3.ggpht.com/ytc/AIdro_nuak4aeQJInwMJxsb8MNlnuOKktlhlLQQl_7tnWoSF5no=s200-c-k-c0x00ffffff-no-rj",
                    "verified": true,
                    "subs_gained_24hrs": 1600,
                    "last_update": "2025-05-28T18:42:05.416Z",
                    "rank": 6
          },
          {
                    "channel_id": "UCJplp5SjeGSdVdwsfb9Q7lQ",
                    "name": "Like Nastya",
                    "subscribers": 128045866,
                    "goal": 954134,
                    "pfp": "https://yt3.ggpht.com/ytc/AIdro_mVv_9v6t_6ni8YIQZWxmabSsNCVTyGQ48CHQ8-2W-OQtM=s200-c-k-c0x00ffffff-no-rj",
                    "verified": true,
                    "subs_gained_24hrs": 1300,
                    "last_update": "2025-05-28T18:42:05.678Z",
                    "rank": 7
          },
          {
                    "channel_id": "UCbp9MyKCTEww4CxEzc_Tp0Q",
                    "name": "Stokes Twins",
                    "subscribers": 125671343,
                    "goal": 328657,
                    "pfp": "https://yt3.ggpht.com/ytc/AIdro_licRUYkb1mqyEXaQPq67wtqgk7qinfWOEvc6gjnsSofu4=s200-c-k-c0x00ffffff-no-rj",
                    "verified": true,
                    "subs_gained_24hrs": 2700,
                    "last_update": "2025-05-28T18:42:05.949Z",
                    "rank": 8
          },
          {
                    "channel_id": "UCFFbwnve3yF62-tVXkTyHqg",
                    "name": "Zee Music Company",
                    "subscribers": 117721272,
                    "goal": 278728,
                    "pfp": "https://yt3.ggpht.com/x4fZcSujELdVRcWIt8UAFtvRZzrbfCKI2vTbXoNuG33CSN_FRJrSgwyLhXqThKfGaaqahx_FCQ=s200-c-k-c0x00ffffff-no-rj",
                    "verified": true,
                    "subs_gained_24hrs": 1400,
                    "last_update": "2025-05-28T18:42:06.212Z",
                    "rank": 9
          },
          {
                    "channel_id": "UC-lHJZR3Gqxm24_Vd_AJ5Yw",
                    "name": "PewDiePie",
                    "subscribers": 110936467,
                    "goal": 63533,
                    "pfp": "https://yt3.ggpht.com/vik8mAiwHQbXiFyKfZ3__p55_VBdGvwxPpuPJBBwdbF0PjJxikXhrP-C3nLQAMAxGNd_-xQCIg=s200-c-k-c0x00ffffff-no-rj",
                    "verified": true,
                    "subs_gained_24hrs": 0,
                    "last_update": "2025-05-28T18:42:06.482Z",
                    "rank": 10
          },
          {
                    "channel_id": "UCJ5v_MCY6GNUBTO8-D3XoAg",
                    "name": "WWE",
                    "subscribers": 109309090,
                    "goal": 690910,
                    "pfp": "https://yt3.ggpht.com/ytc/AIdro_muzDjR0hfGdlXBS-2A8NfR-Q9e-PO96K-gxrm2i1jSStI7=s200-c-k-c0x00ffffff-no-rj",
                    "verified": true,
                    "subs_gained_24hrs": 1200,
                    "last_update": "2025-05-28T18:42:06.751Z",
                    "rank": 11
          },
          {
                    "channel_id": "UCiVs2pnGW5mLIc1jS2nxhjg",
                    "name": "김프로KIMPRO",
                    "subscribers": 106587782,
                    "goal": 412218,
                    "pfp": "https://yt3.ggpht.com/61lpQx0TizD-UeJSv10975lLAt09xRHu0T8cz_6LnLGFwA_5L-Vz-Qa_GOXsthdkh8G7jXv1oQ=s200-c-k-c0x00ffffff-no-rj",
                    "verified": true,
                    "subs_gained_24hrs": 6500,
                    "last_update": "2025-05-28T18:42:07.292Z",
                    "rank": 12
          },
          {
                    "channel_id": "UCyoXW-Dse7fURq30EWl_CUA",
                    "name": "Goldmines",
                    "subscribers": 105103618,
                    "goal": 896382,
                    "pfp": "https://yt3.ggpht.com/Ls4lEH-dc1OkDysPqLKpeD5CFfUzzW4cTBTkZWAuax3npqrtFhTqC91wpfe02oSd9swnyQnb=s200-c-k-c0x00ffffff-no-rj",
                    "verified": true,
                    "subs_gained_24hrs": 1100,
                    "last_update": "2025-05-28T18:42:07.022Z",
                    "rank": 13
          },
          {
                    "channel_id": "UC6-F5tO8uklgE9Zy8IvbdFw",
                    "name": "Sony SAB",
                    "subscribers": 101506305,
                    "goal": 493695,
                    "pfp": "https://yt3.ggpht.com/W6hlyHF8FP_YVLnkzBGQYtdpf0hB8pILZvQYw4jMYIqgcGeS1RBTvk9VHUXGk3mDZhhv-26o-zc=s200-c-k-c0x00ffffff-no-rj",
                    "verified": true,
                    "subs_gained_24hrs": 1200,
                    "last_update": "2025-05-28T18:42:07.567Z",
                    "rank": 14
          },
          {
                    "channel_id": "UCOmHUn--16B90oW2L6FRR3A",
                    "name": "BLACKPINK",
                    "subscribers": 96721990,
                    "goal": 278010,
                    "pfp": "https://yt3.ggpht.com/U3VrCkKjzTpQ3VYv4SCPjNfDHeJV-swGNnhLYhr0nV4lZz_GVUNzK4EB-HFRfKv9S5VNh14uAg=s200-c-k-c0x00ffffff-no-rj",
                    "verified": true,
                    "subs_gained_24hrs": 400,
                    "last_update": "2025-05-28T18:42:07.841Z",
                    "rank": 15
          },
          {
                    "channel_id": "UCBnZ16ahKA2DZ_T5W0FPUXg",
                    "name": "ChuChu TV Nursery Rhymes & Kids Songs",
                    "subscribers": 96354702,
                    "goal": 645298,
                    "pfp": "https://yt3.ggpht.com/KTjDtp8uA8Oe3EmsPAUlco84sjuicowLEsxHXRHWBKKrW6ZCzNeppTP00eCs28YgHij-mHoHbw=s200-c-k-c0x00ffffff-no-rj",
                    "verified": true,
                    "subs_gained_24hrs": 600,
                    "last_update": "2025-05-28T18:42:08.115Z",
                    "rank": 16
          },
          {
                    "channel_id": "UC5gxP-2QqIh_09djvlm9Xcg",
                    "name": "Alan's Universe",
                    "subscribers": 92693228,
                    "goal": 306772,
                    "pfp": "https://yt3.ggpht.com/QYrADJNN_BMJSYm0LkqAs13ehWHjtxITE7kSBPsEIB_I_VFeDvujpH4aJfHfJO3FsFMsYa6Oig=s200-c-k-c0x00ffffff-no-rj",
                    "verified": true,
                    "subs_gained_24hrs": 3600,
                    "last_update": "2025-05-28T18:42:08.387Z",
                    "rank": 17
          },
          {
                    "channel_id": "UCppHT7SZKKvar4Oc9J4oljQ",
                    "name": "Zee TV",
                    "subscribers": 90516548,
                    "goal": 483452,
                    "pfp": "https://yt3.ggpht.com/PJQSKWIoT4FtgVPt9_poRsAL60Bu74JNNuYwU3wBwPrsaCvQ5TO0oLWD7lWcYBRLjoB_fGf21g=s200-c-k-c0x00ffffff-no-rj",
                    "verified": true,
                    "subs_gained_24hrs": 2200,
                    "last_update": "2025-05-28T18:42:08.652Z",
                    "rank": 18
          },
          {
                    "channel_id": "UCcdwLMPsaU2ezNSJU1nFoBQ",
                    "name": "Baby Shark - Pinkfong Kids’ Songs & Stories",
                    "subscribers": 81768264,
                    "goal": 231736,
                    "pfp": "https://yt3.ggpht.com/UY8ewm3Yg4Uxs21jY3XyctH8qMETYnt0AQRG1JCqrSa8dFHOrOg9zlklQrD98krZI7i33XXG=s200-c-k-c0x00ffffff-no-rj",
                    "verified": true,
                    "subs_gained_24hrs": 700,
                    "last_update": "2025-05-28T18:42:08.915Z",
                    "rank": 19
          },
          {
                    "channel_id": "UC295-Dw_tDNtZXFeAPAW6Aw",
                    "name": "5-Minute Crafts",
                    "subscribers": 81079013,
                    "goal": 920987,
                    "pfp": "https://yt3.ggpht.com/qxMg7xnccD_tt-YtUTTK-ctCtUqUH9d3qKsbqm_DAti0nC7RHVbFlFiC6k8BoNS1O2O4ytAlZiE=s200-c-k-c0x00ffffff-no-rj",
                    "verified": true,
                    "subs_gained_24hrs": 0,
                    "last_update": "2025-05-28T18:42:09.195Z",
                    "rank": 20
          },
          {
                    "channel_id": "UC2tsySbe9TNrI-xh2lximHA",
                    "name": "A4",
                    "subscribers": 80768968,
                    "goal": 231032,
                    "pfp": "https://yt3.ggpht.com/ytc/AIdro_lqzy4I8Yzqb6copV_YrpoC8dEzkkuXifDzGxXaELn0v_A=s200-c-k-c0x00ffffff-no-rj",
                    "verified": true,
                    "subs_gained_24hrs": 4200,
                    "last_update": "2025-05-28T18:42:09.997Z",
                    "rank": 21
          },
          {
                    "channel_id": "UCLkAepWjdylmXSltofFvsYQ",
                    "name": "BANGTANTV",
                    "subscribers": 80427067,
                    "goal": 572933,
                    "pfp": "https://yt3.ggpht.com/pbESKAjfNT6bL7WjlWxbyiJ2h8ceCOKYLJwpo2ZM8gCesyGCWZbVtJ8VVuIxhRk-QOwU64ou=s200-c-k-c0x00ffffff-no-rj",
                    "verified": true,
                    "subs_gained_24hrs": 500,
                    "last_update": "2025-05-28T18:42:09.464Z",
                    "rank": 22
          },
          {
                    "channel_id": "UC55IWqFLDH1Xp7iu1_xknRA",
                    "name": "Colors TV",
                    "subscribers": 80387526,
                    "goal": 612474,
                    "pfp": "https://yt3.ggpht.com/_HiwjoVNdxhATkMAaM8auupn4l_NBmNjmWO2ft8pGHQcQsEZ16UWRU55jiIyYTwORnRR0_T5mQ=s200-c-k-c0x00ffffff-no-rj",
                    "verified": true,
                    "subs_gained_24hrs": 300,
                    "last_update": "2025-05-28T18:42:09.727Z",
                    "rank": 23
          },
          {
                    "channel_id": "UCrnQFuUabBHaw-BRhPo8xEA",
                    "name": "ZAMZAM ELECTRONICS TRADING",
                    "subscribers": 77771381,
                    "goal": 228619,
                    "pfp": "https://yt3.ggpht.com/Ch7BHLZJxOfU4ZwGmIq3S8L7BLAkTAHdSdEzpVCh9OIC8NFGj7GfWLIV_NJCmIoIcEQgKSmx=s200-c-k-c0x00ffffff-no-rj",
                    "verified": true,
                    "subs_gained_24hrs": 1800,
                    "last_update": "2025-05-28T18:42:10.546Z",
                    "rank": 24
          },
          {
                    "channel_id": "UC3IZKseVpdzPSBaWxBxundA",
                    "name": "HYBE LABELS",
                    "subscribers": 77336287,
                    "goal": 663713,
                    "pfp": "https://yt3.ggpht.com/ytc/AIdro_l8g0yRFG8xoe_qeqk8Ki9UFy36cB2IjZEWZWz0h7gl-t0=s200-c-k-c0x00ffffff-no-rj",
                    "verified": true,
                    "subs_gained_24hrs": 700,
                    "last_update": "2025-05-28T18:42:10.274Z",
                    "rank": 25
          },
          {
                    "channel_id": "UCaayLD9i5x4MmIoVZxXSv_g",
                    "name": "T-Series Bhakti Sagar",
                    "subscribers": 76339082,
                    "goal": 660918,
                    "pfp": "https://yt3.ggpht.com/ytc/AIdro_lEOsOKSwfkzCB5bj1mTBIKOG7rBJmipaGnWMtcUnEF0I6J=s200-c-k-c0x00ffffff-no-rj",
                    "verified": true,
                    "subs_gained_24hrs": 1100,
                    "last_update": "2025-05-28T18:42:10.816Z",
                    "rank": 26
          },
          {
                    "channel_id": "UCJrDMFOdv1I2k8n9oK_V21w",
                    "name": "Tips Official",
                    "subscribers": 75707721,
                    "goal": 292279,
                    "pfp": "https://yt3.ggpht.com/zSQrmF-U4JwDv9QalTMOuEEWjGDjM9LvNgahKGGks6WKhe6XEOFf2C4ErQ-1-J9o2wFrHtIw5A=s200-c-k-c0x00ffffff-no-rj",
                    "verified": true,
                    "subs_gained_24hrs": 1900,
                    "last_update": "2025-05-28T18:42:11.633Z",
                    "rank": 27
          },
          {
                    "channel_id": "UCgFXm4TI8htWmCyJ6cVPG_A",
                    "name": "Toys and Colors",
                    "subscribers": 75545507,
                    "goal": 454493,
                    "pfp": "https://yt3.ggpht.com/ytc/AIdro_nKO-qf2jEK-xmzuggQvgjoHJO1xBIxDQ3bEgxuI4PLyHk=s200-c-k-c0x00ffffff-no-rj",
                    "verified": true,
                    "subs_gained_24hrs": 2400,
                    "last_update": "2025-05-28T18:42:11.905Z",
                    "rank": 28
          },
          {
                    "channel_id": "UCIwFjwMjI0y7PDBVEO9-bkQ",
                    "name": "Justin Bieber",
                    "subscribers": 75447171,
                    "goal": 552829,
                    "pfp": "https://yt3.ggpht.com/ytc/AIdro_ncDOZtOT-S5kW_ytro_LqN_ZSd-jF-RC5bAt9rmze3U84=s200-c-k-c0x00ffffff-no-rj",
                    "verified": true,
                    "subs_gained_24hrs": 300,
                    "last_update": "2025-05-28T18:42:11.091Z",
                    "rank": 29
          },
          {
                    "channel_id": "UCtxD0x6AuNNqdXO9Wp5GHew",
                    "name": "UR · Cristiano",
                    "subscribers": 75200192,
                    "goal": 799808,
                    "pfp": "https://yt3.ggpht.com/7HR7AS1zqCg3HDKKhU734Hoqaz277rXAkSkjJlui8cf_jrw31GZF2aPn3i9JS6Hhwgcxutp0jg=s200-c-k-c0x00ffffff-no-rj",
                    "verified": true,
                    "subs_gained_24hrs": 900,
                    "last_update": "2025-05-28T18:42:11.361Z",
                    "rank": 30
          },
          {
                    "channel_id": "UCL5nlHWXVLeOsSjKH2fhmsg",
                    "name": "KL BRO Biju Rithvik",
                    "subscribers": 72839090,
                    "goal": 160910,
                    "pfp": "https://yt3.ggpht.com/5Q5NTVd5rWCnzlhJj6L2b_OAFlygH2g0lU9VSkq057jY3zP_Qc-2FO69JIgmLHNAOsnAaqCPvQ=s200-c-k-c0x00ffffff-no-rj",
                    "verified": true,
                    "subs_gained_24hrs": 2500,
                    "last_update": "2025-05-28T18:42:12.439Z",
                    "rank": 31
          },
          {
                    "channel_id": "UCt4t-jeY85JegMlZ-E5UWtA",
                    "name": "Aaj Tak",
                    "subscribers": 72500427,
                    "goal": 499573,
                    "pfp": "https://yt3.ggpht.com/ytc/AIdro_m1WLxquYeEO9VgyA7-cYFrn_hd2dSaNtmL8-NIHMCQIuPQ=s200-c-k-c0x00ffffff-no-rj",
                    "verified": true,
                    "subs_gained_24hrs": 400,
                    "last_update": "2025-05-28T18:42:12.709Z",
                    "rank": 32
          },
          {
                    "channel_id": "UCP6uH_XlsxrXwZQ4DlqbqPg",
                    "name": "Shemaroo Filmi Gaane",
                    "subscribers": 72177979,
                    "goal": 822021,
                    "pfp": "https://yt3.ggpht.com/IZPkATp1E7hxHlLWSCR0mo7dQRgAiV2VV-FBC_F5CUn58SnuzlnKHYG-QhQc105E-g3hXuWmxQ=s200-c-k-c0x00ffffff-no-rj",
                    "verified": true,
                    "subs_gained_24hrs": 700,
                    "last_update": "2025-05-28T18:42:12.169Z",
                    "rank": 33
          },
          {
                    "channel_id": "UC1ciY6kR3yj3kaKZ6R7ewAg",
                    "name": "Infobells - Hindi",
                    "subscribers": 69903698,
                    "goal": 96302,
                    "pfp": "https://yt3.ggpht.com/ytc/AIdro_mWKlOUcsnrq8oXV8BemcuyrfG52ztaqZmoDThFc1v-etg=s200-c-k-c0x00ffffff-no-rj",
                    "verified": true,
                    "subs_gained_24hrs": 1300,
                    "last_update": "2025-05-28T18:42:12.979Z",
                    "rank": 34
          },
          {
                    "channel_id": "UCK1i2UviaXLUNrZlAFpw_jA",
                    "name": "El Reino Infantil",
                    "subscribers": 69104450,
                    "goal": 895550,
                    "pfp": "https://yt3.ggpht.com/JzIyfovSV3fVXtsYTwnKsTTnJML9bae6MM_NC2wU2F35XPn3NevnFU6YGS1-R-i6Xn2Qj9Zv=s200-c-k-c0x00ffffff-no-rj",
                    "verified": true,
                    "subs_gained_24hrs": 1000,
                    "last_update": "2025-05-28T18:42:13.252Z",
                    "rank": 35
          },
          {
                    "channel_id": "UCY1kMZp36IQSyNx_9h4mpCg",
                    "name": "Mark Rober",
                    "subscribers": 68508304,
                    "goal": 491696,
                    "pfp": "https://yt3.ggpht.com/ytc/AIdro_ksXY2REjZ6gYKSgnWT5jC_zT9mX900vyFtVinR8KbHww=s200-c-k-c0x00ffffff-no-rj",
                    "verified": true,
                    "subs_gained_24hrs": 3000,
                    "last_update": "2025-05-28T18:42:13.797Z",
                    "rank": 36
          },
          {
                    "channel_id": "UCe9JSDmyqNgA_l2BzGHq1Ug",
                    "name": "HAR PAL GEO",
                    "subscribers": 68215839,
                    "goal": 784161,
                    "pfp": "https://yt3.ggpht.com/gmRmvRYUHVbi2YnWiM_RbJtwPMkKK_WJfsWYINioLLVutKiQ5_Yf1xbGY57qGJydAY7zNuRp6Q=s200-c-k-c0x00ffffff-no-rj",
                    "verified": true,
                    "subs_gained_24hrs": 1200,
                    "last_update": "2025-05-28T18:42:14.068Z",
                    "rank": 37
          },
          {
                    "channel_id": "UCffDXn7ycAzwL2LDlbyWOTw",
                    "name": "Canal KondZilla",
                    "subscribers": 67766142,
                    "goal": 233858,
                    "pfp": "https://yt3.ggpht.com/XOT7BqwR_s_WEkUXTLMoFXboL31sNK1skBvtPR4aPaQPNgLK1bmMe44HliEuJhuABuemklxLnQ=s200-c-k-c0x00ffffff-no-rj",
                    "verified": true,
                    "subs_gained_24hrs": 100,
                    "last_update": "2025-05-28T18:42:13.525Z",
                    "rank": 38
          },
          {
                    "channel_id": "UCoQm-PeHC-cbJclKJYJ8LzA",
                    "name": "Fede Vigevani",
                    "subscribers": 67343940,
                    "goal": 656060,
                    "pfp": "https://yt3.ggpht.com/YZ7gOQ8piWHJELvXxq0p2rIb942UdvBCy27y6DwTxE2-t_y7Iemd4vM17QmLMJra82s5gxzlL_s=s200-c-k-c0x00ffffff-no-rj",
                    "verified": true,
                    "subs_gained_24hrs": 900,
                    "last_update": "2025-05-28T18:42:14.336Z",
                    "rank": 39
          },
          {
                    "channel_id": "UC56gTxNs4f9xZ7Pa2i5xNzg",
                    "name": "Sony Music India",
                    "subscribers": 65771651,
                    "goal": 228349,
                    "pfp": "https://yt3.ggpht.com/42o3XIW1j5zmzsFeZs3ND4QwaXXrnpK9vqftcEuEdbgNhPbltXRktcSmyJ12-gSRqKch93Ir=s200-c-k-c0x00ffffff-no-rj",
                    "verified": true,
                    "subs_gained_24hrs": 1200,
                    "last_update": "2025-05-28T18:42:14.876Z",
                    "rank": 40
          },
          {
                    "channel_id": "UC22nIfOTM7KLIQuFGMKzQbg",
                    "name": "Wave Music",
                    "subscribers": 65765680,
                    "goal": 234320,
                    "pfp": "https://yt3.ggpht.com/-m-efGozwxkvoZiijhjJcLSuUxZQpXvJu9tObrAbfhrtr67AAf1V674HBB8eHixOLHrj3WBlgxI=s200-c-k-c0x00ffffff-no-rj",
                    "verified": true,
                    "subs_gained_24hrs": 600,
                    "last_update": "2025-05-28T18:42:14.605Z",
                    "rank": 41
          },
          {
                    "channel_id": "UCbTLwN10NoCU4WDzLf1JMOA",
                    "name": "YRF",
                    "subscribers": 65703911,
                    "goal": 296089,
                    "pfp": "https://yt3.ggpht.com/ukiLOR2xcRjb4vEfv_DvcTU-5WgGyhwL3w1jQxvTBVdMbBlrtDopxKwg8Scs66C8nFgXu-cl=s200-c-k-c0x00ffffff-no-rj",
                    "verified": true,
                    "subs_gained_24hrs": 1200,
                    "last_update": "2025-05-28T18:42:15.149Z",
                    "rank": 42
          },
          {
                    "channel_id": "UCPuEAY09CtdTzFNWuqVZgDw",
                    "name": "Topper Guild",
                    "subscribers": 65591151,
                    "goal": 408849,
                    "pfp": "https://yt3.ggpht.com/tIUjsEc4SPp4pLASoh1Zvt9Oto5X9qdkWUTeJPDTUcuhLLbh_QAdn7R4CXTcGT-EfG03-DDQ=s200-c-k-c0x00ffffff-no-rj",
                    "verified": true,
                    "subs_gained_24hrs": 8900,
                    "last_update": "2025-05-28T18:42:16.521Z",
                    "rank": 43
          },
          {
                    "channel_id": "UCfM3zsQsOnfWNUppiycmBuw",
                    "name": "EminemMusic",
                    "subscribers": 64993337,
                    "goal": 6663,
                    "pfp": "https://yt3.ggpht.com/ytc/AIdro_ny_3E5NhElVE1msnq1HUwtnpjlV0JdXJ3h11Df2tlNmTQ=s200-c-k-c0x00ffffff-no-rj",
                    "verified": true,
                    "subs_gained_24hrs": 500,
                    "last_update": "2025-05-28T18:42:15.421Z",
                    "rank": 44
          },
          {
                    "channel_id": "UCZs0WwC0Dn_noiQE2BHSTKg",
                    "name": "Alejo Igoa",
                    "subscribers": 64495163,
                    "goal": 504837,
                    "pfp": "https://yt3.ggpht.com/vvwc5dVu5nXqxqdmUcZTV_c9kUzfSmwHXWqTCanFUVQcgR06_lOM2QD_uNqWH3A8_w40tMfxuQ=s200-c-k-c0x00ffffff-no-rj",
                    "verified": true,
                    "subs_gained_24hrs": 2200,
                    "last_update": "2025-05-28T18:42:15.965Z",
                    "rank": 45
          },
          {
                    "channel_id": "UC3gNmTGu-TTbFPpfSs5kNkg",
                    "name": "Movieclips",
                    "subscribers": 64186409,
                    "goal": 813591,
                    "pfp": "https://yt3.ggpht.com/1uIk9g0sODh4NzeUK86fyEa67EUfZLNDa3FRLfSV0JzvmWrFSZeQVlGQmOnDEcjMZoGFb8MqVQ=s200-c-k-c0x00ffffff-no-rj",
                    "verified": true,
                    "subs_gained_24hrs": 400,
                    "last_update": "2025-05-28T18:42:15.695Z",
                    "rank": 46
          },
          {
                    "channel_id": "UC4JCksJF76g_MdzPVBJoC3Q",
                    "name": "ARY Digital HD",
                    "subscribers": 63268153,
                    "goal": 731847,
                    "pfp": "https://yt3.ggpht.com/BLMycu5nIFNw51ZSkZU1ftvTJ_13Ttv-Bsm33ScrYV1SlNgMQzsi3NdQqUkIYvFaCO1bLMU47A=s200-c-k-c0x00ffffff-no-rj",
                    "verified": true,
                    "subs_gained_24hrs": 900,
                    "last_update": "2025-05-28T18:42:16.248Z",
                    "rank": 47
          },
          {
                    "channel_id": "UCOnIJiQuk1fDSp6p1GCZy3A",
                    "name": "YOLO AVENTURAS",
                    "subscribers": 62435120,
                    "goal": 564880,
                    "pfp": "https://yt3.ggpht.com/CXjPCwqHWq_X1SznGbTd6O3wVoPjxRbTgyy8Q3fAo83GQSPmi8T5NVohcMyz8pw7HI3Qbw5lng=s200-c-k-c0x00ffffff-no-rj",
                    "verified": true,
                    "subs_gained_24hrs": 2700,
                    "last_update": "2025-05-28T18:42:16.807Z",
                    "rank": 48
          },
          {
                    "channel_id": "UC6QZ_ss3i_8qLV_RczPZBkw",
                    "name": "ISSEI / いっせい",
                    "subscribers": 61427092,
                    "goal": 572908,
                    "pfp": "https://yt3.ggpht.com/WQJfAcYaEL-sQ7LcF86SHG-T4u9zjiSScvdFxh73GCFJKleVcTakwZaqMhsGdZ64gfccQ2gn4Q=s200-c-k-c0x00ffffff-no-rj",
                    "verified": true,
                    "subs_gained_24hrs": 3300,
                    "last_update": "2025-05-28T18:42:17.892Z",
                    "rank": 49
          },
          {
                    "channel_id": "UCRijo3ddMTht_IHyNSNXpNQ",
                    "name": "Dude Perfect",
                    "subscribers": 61237226,
                    "goal": 762774,
                    "pfp": "https://yt3.ggpht.com/nZRsCgyfOVFhBzY-YFV8AhdMcYAybNZ8uttjcsrUGOnGRSVF5yKqRh6XHIs_o03TcbixvlOZ=s200-c-k-c0x00ffffff-no-rj",
                    "verified": true,
                    "subs_gained_24hrs": 400,
                    "last_update": "2025-05-28T18:42:17.080Z",
                    "rank": 50
          },
          {
                    "channel_id": "UCqECaJ8Gagnn7YCbPEzWH6g",
                    "name": "Taylor Swift",
                    "subscribers": 61057553,
                    "goal": 942447,
                    "pfp": "https://yt3.ggpht.com/PFmecESWwRnrbIFZ04vG6UbdXKzjyC3vQkufqqEYEHpXlwHFRMDN8RuvG7A1WRnbGKVZTcyFYQ=s200-c-k-c0x00ffffff-no-rj",
                    "verified": true,
                    "subs_gained_24hrs": 200,
                    "last_update": "2025-05-28T18:42:17.345Z",
                    "rank": 51
          },
          {
                    "channel_id": "UC4NALVCmcmL5ntpV0thoH6w",
                    "name": "LooLoo Kids - Nursery Rhymes and Children's Songs",
                    "subscribers": 60219143,
                    "goal": 780857,
                    "pfp": "https://yt3.ggpht.com/XQ8Z5bwcV4dgjWEYFI1n1M9W2lgEP6RPh8LxqUq6ScFkXWXXwZIz0TTun_B05TTiTvReU5vy=s200-c-k-c0x00ffffff-no-rj",
                    "verified": true,
                    "subs_gained_24hrs": 300,
                    "last_update": "2025-05-28T18:42:17.617Z",
                    "rank": 52
          },
          {
                    "channel_id": "UC4wEPe5mrHGAUjjTfXH_C-Q",
                    "name": "Anaya Kandhal",
                    "subscribers": 60029745,
                    "goal": 970255,
                    "pfp": "https://yt3.ggpht.com/Wf_SW1J54YH3ZahhvU7CtF9V_IooNAVzQTkHtgxpHkfJSssWFEs_WR6qXGwieEbvLyUjdNtY=s200-c-k-c0x00ffffff-no-rj",
                    "verified": true,
                    "subs_gained_24hrs": 3200,
                    "last_update": "2025-05-28T18:42:18.451Z",
                    "rank": 53
          },
          {
                    "channel_id": "UC0Wju2yvRlfwqraLlz5152Q",
                    "name": "PANDA BOI",
                    "subscribers": 58670907,
                    "goal": 329093,
                    "pfp": "https://yt3.ggpht.com/Eea7wEGVog5xpo1GAoOwc9hlj31T395FzKUwnUr8VERoO-x0InNVbINT2ron3WrVsqsEbSwo7LU=s200-c-k-c0x00ffffff-no-rj",
                    "verified": true,
                    "subs_gained_24hrs": 200,
                    "last_update": "2025-05-28T18:42:18.184Z",
                    "rank": 54
          },
          {
                    "channel_id": "UCF1JIbMUs6uqoZEY1Haw0GQ",
                    "name": "Shemaroo",
                    "subscribers": 58631106,
                    "goal": 368894,
                    "pfp": "https://yt3.ggpht.com/ytc/AIdro_mhdF4RNZM9OHP-A8BvrQO4q6BenIVFCTfjURrYjYxAxw=s200-c-k-c0x00ffffff-no-rj",
                    "verified": true,
                    "subs_gained_24hrs": 900,
                    "last_update": "2025-05-28T18:42:18.723Z",
                    "rank": 55
          },
          {
                    "channel_id": "UCyagEfIN1okQ-s996XAqCFQ",
                    "name": "Zhong",
                    "subscribers": 58287907,
                    "goal": 712093,
                    "pfp": "https://yt3.ggpht.com/FKuNOzSM4kV6WgdJK4iJ7mqCJmONtUbY_b52vskqQUYe7kjUB8iUeVMn8lLMzAO8z_YSDm4L=s200-c-k-c0x00ffffff-no-rj",
                    "verified": true,
                    "subs_gained_24hrs": 2300,
                    "last_update": "2025-05-28T18:42:19.801Z",
                    "rank": 56
          },
          {
                    "channel_id": "UCEdvpU2pFRCVqU6yIPyTpMQ",
                    "name": "Marshmello",
                    "subscribers": 57990599,
                    "goal": 9401,
                    "pfp": "https://yt3.ggpht.com/2GJvU2yyxBNA85vmPfEKFrXpCZqkL4sXRa85cAb3PSq-0veAUTT2m4-vxM6ARcd5WladmvST=s200-c-k-c0x00ffffff-no-rj",
                    "verified": true,
                    "subs_gained_24hrs": 100,
                    "last_update": "2025-05-28T18:42:18.998Z",
                    "rank": 57
          },
          {
                    "channel_id": "UCRx3mKNUdl8QE06nEug7p6Q",
                    "name": "Billion Surprise Toys",
                    "subscribers": 57675883,
                    "goal": 324117,
                    "pfp": "https://yt3.ggpht.com/0DzYUJzDvBjL3vrf8s6ITdqyu_HYfk94jYbXiPF-a3fodSukHgpX3rIckPnYi3sDVj1mtkNSSw=s200-c-k-c0x00ffffff-no-rj",
                    "verified": true,
                    "subs_gained_24hrs": 0,
                    "last_update": "2025-05-28T18:42:19.264Z",
                    "rank": 58
          },
          {
                    "channel_id": "UCMgapddJymOC6MBOiOqia1A",
                    "name": "आचार्य प्रशान्त - Acharya Prashant",
                    "subscribers": 56683254,
                    "goal": 316746,
                    "pfp": "https://yt3.ggpht.com/n3W8TSyFDRmdMNLyz7RgqY-rFTrbZbQ2K5URmBbEmnpe1bzYwfoAeWQyy9pDALjjAl6qjbLq5Gw=s200-c-k-c0x00ffffff-no-rj",
                    "verified": true,
                    "subs_gained_24hrs": 1100,
                    "last_update": "2025-05-28T18:42:20.347Z",
                    "rank": 59
          },
          {
                    "channel_id": "UC0C-w0YjGpqDXGB8IHb662A",
                    "name": "Ed Sheeran",
                    "subscribers": 56497557,
                    "goal": 502443,
                    "pfp": "https://yt3.ggpht.com/pZQ5JMD4EOI8TcNYAPTzMexe_fC0CKnb_hYlV4rPfIzmDidF239fH1XKmzkeT30XSg7fxNwc_w=s200-c-k-c0x00ffffff-no-rj",
                    "verified": true,
                    "subs_gained_24hrs": 400,
                    "last_update": "2025-05-28T18:42:19.536Z",
                    "rank": 60
          },
          {
                    "channel_id": "UCqJ5zFEED1hWs0KNQCQuYdQ",
                    "name": "Mikecrack",
                    "subscribers": 56493318,
                    "goal": 506682,
                    "pfp": "https://yt3.ggpht.com/fuDBmMf8vPJYWpka58XVVY9Y2g8C9XaZMQtEoFUY05VLFP-Dz64A_-n_XvWfUPb_W79NB3Xz5g=s200-c-k-c0x00ffffff-no-rj",
                    "verified": true,
                    "subs_gained_24hrs": 400,
                    "last_update": "2025-05-28T18:42:20.074Z",
                    "rank": 61
          },
          {
                    "channel_id": "UC3MLnJtqc_phABBriLRhtgQ",
                    "name": "SonyMusicIndiaVEVO",
                    "subscribers": 56345665,
                    "goal": 654335,
                    "pfp": "https://yt3.ggpht.com/R04QrRbPUZuuVoM8Qw4JPw3xXJb-6AaO4L8D_mHIOgY_3ZGdeTXWxASkdJK811RqrxyK_fBWmzw=s200-c-k-c0x00ffffff-no-rj",
                    "verified": true,
                    "subs_gained_24hrs": 1000,
                    "last_update": "2025-05-28T18:42:20.885Z",
                    "rank": 62
          },
          {
                    "channel_id": "UC9CoOnJkIBMdeijd9qYoT_g",
                    "name": "Ariana Grande",
                    "subscribers": 56117519,
                    "goal": 882481,
                    "pfp": "https://yt3.ggpht.com/vLWO1tajYHyFJ3lGkcMxKMayA-ZNUqCUYj5bOO8TWhNVL7EV-bjxmguUkZ3B2dMsAtZYir8r=s200-c-k-c0x00ffffff-no-rj",
                    "verified": true,
                    "subs_gained_24hrs": 200,
                    "last_update": "2025-05-28T18:42:20.615Z",
                    "rank": 63
          },
          {
                    "channel_id": "UCXbYlU08sOTBktOtjVsvR6w",
                    "name": "ToRung",
                    "subscribers": 55916540,
                    "goal": 83460,
                    "pfp": "https://yt3.ggpht.com/EYFTKLefsLCp52ZinRLH5Olzn0ZaHgHV30UoazKKXd-y8WYLcedms_vNOpB6pgx5seamUzun7A=s200-c-k-c0x00ffffff-no-rj",
                    "verified": true,
                    "subs_gained_24hrs": 900,
                    "last_update": "2025-05-28T18:42:21.710Z",
                    "rank": 64
          },
          {
                    "channel_id": "UC-LPIU24bQXVljUXivKEeRQ",
                    "name": "StarPlus",
                    "subscribers": 55861611,
                    "goal": 138389,
                    "pfp": "https://yt3.ggpht.com/FlHzLJ_YI3Futu7aR_36f5PfnwDi6u45P0jvIS5jec2xatMkhdDgoSp0oai225Ci9ZxZ8nI2bw=s200-c-k-c0x00ffffff-no-rj",
                    "verified": true,
                    "subs_gained_24hrs": 400,
                    "last_update": "2025-05-28T18:42:21.430Z",
                    "rank": 65
          },
          {
                    "channel_id": "UCiGm_E4ZwYSHV3bcW1pnSeQ",
                    "name": "Billie Eilish",
                    "subscribers": 55815244,
                    "goal": 184756,
                    "pfp": "https://yt3.ggpht.com/dirvtoDAmx-u0UR76-pxfhYL6Wxj2vfL2geUcxDwk62tTWWhGG6QDGc63RG3NdOz38-yBwRHDQ=s200-c-k-c0x00ffffff-no-rj",
                    "verified": true,
                    "subs_gained_24hrs": 700,
                    "last_update": "2025-05-28T18:42:21.157Z",
                    "rank": 66
          },
          {
                    "channel_id": "UCRv76wLBC73jiP7LX4C3l8Q",
                    "name": "Маша и Медведь",
                    "subscribers": 55755299,
                    "goal": 244701,
                    "pfp": "https://yt3.ggpht.com/1aEONTxKKZyH34xHy5OeXeRRs8YB8CqcUBO9WaXN-ss6Hhc1nzcnre1mkZSdjoDUX6Rh11yI=s200-c-k-c0x00ffffff-no-rj",
                    "verified": true,
                    "subs_gained_24hrs": 1100,
                    "last_update": "2025-05-28T18:42:32.625Z",
                    "rank": 67
          },
          {
                    "channel_id": "UClZkHt2kNIgyrTTPnSQV3SA",
                    "name": "Get Movies",
                    "subscribers": 55558689,
                    "goal": 441311,
                    "pfp": "https://yt3.ggpht.com/LJtHidoRaUOdr8hGP8dsMAWA2k2ETbgkSGBxbF6bGIxV4K5IjEoR0LVnzm_te32fV8esryFI=s200-c-k-c0x00ffffff-no-rj",
                    "verified": true,
                    "subs_gained_24hrs": 600,
                    "last_update": "2025-05-28T18:42:31.265Z",
                    "rank": 68
          },
          {
                    "channel_id": "UC_A7K2dXFsTMAciGmnNxy-Q",
                    "name": "Saregama Music",
                    "subscribers": 55481604,
                    "goal": 518396,
                    "pfp": "https://yt3.ggpht.com/kzVDg0rujy7laR7qjVTsa7GaiJd6WkQrSlJxDNrhzakH7681kmv7tnoF7VaDmixuYs59QuED8A=s200-c-k-c0x00ffffff-no-rj",
                    "verified": true,
                    "subs_gained_24hrs": 1400,
                    "last_update": "2025-05-28T18:42:21.975Z",
                    "rank": 69
          },
          {
                    "channel_id": "UCVNouUw3d3l5JYVCxhAQXKA",
                    "name": "Bispo Bruno Leonardo",
                    "subscribers": 55406693,
                    "goal": 593307,
                    "pfp": "https://yt3.ggpht.com/npxZ3EzDk--AR3RRGINVRA-pEsxp2Vic9heqED2QPUZZZd0aR5Gzh7toshkKHWGqk-xgFEPEAwQ=s200-c-k-c0x00ffffff-no-rj",
                    "verified": true,
                    "subs_gained_24hrs": 3100,
                    "last_update": "2025-05-28T18:42:23.081Z",
                    "rank": 70
          },
          {
                    "channel_id": "UCJg19noZp7-BYIGvypu_cow",
                    "name": "JioHotstar Kids",
                    "subscribers": 55131008,
                    "goal": 868992,
                    "pfp": "https://yt3.ggpht.com/juX0nVXr-d7Z8fIMIINtXnKmI6Z0B59cMEtTUqzyIFoID7lWlQLwXiFVfnmRSW755FVK8qLWiw=s200-c-k-c0x00ffffff-no-rj",
                    "verified": true,
                    "subs_gained_24hrs": 1400,
                    "last_update": "2025-05-28T18:42:22.255Z",
                    "rank": 71
          },
          {
                    "channel_id": "UCvh1at6xpV1ytYOAzxmqUsA",
                    "name": "Jess No Limit",
                    "subscribers": 54243195,
                    "goal": 756805,
                    "pfp": "https://yt3.ggpht.com/72jGosJaua07u-qA8mROVLpQNII_pdx6hKuBhu-jcxejUWnkfvpLxX5raPy79l7VTSSP3uUx2g=s200-c-k-c0x00ffffff-no-rj",
                    "verified": true,
                    "subs_gained_24hrs": 200,
                    "last_update": "2025-05-28T18:42:22.531Z",
                    "rank": 72
          },
          {
                    "channel_id": "UCYiGq8XF7YQD00x7wAd62Zg",
                    "name": "JuegaGerman",
                    "subscribers": 53437479,
                    "goal": 562521,
                    "pfp": "https://yt3.ggpht.com/vOsrLzWD4z1dbr470nEXydi3Kb55jW6YqcpQiq1LHyj9IvElga7zBHEfqFZvC26BRKmQimEbiA=s200-c-k-c0x00ffffff-no-rj",
                    "verified": true,
                    "subs_gained_24hrs": 300,
                    "last_update": "2025-05-28T18:42:22.807Z",
                    "rank": 73
          },
          {
                    "channel_id": "UCd5ApCORQsMOZZz5E9oVeFA",
                    "name": "Alfredo Larin",
                    "subscribers": 52818016,
                    "goal": 181984,
                    "pfp": "https://yt3.ggpht.com/riUnRk7aFeEFY2jTn4YdTgccTWLLF0Ox1rphjruEQawTin6tddLE1C-Jva2T8k_xs6qA1FSbqA=s200-c-k-c0x00ffffff-no-rj",
                    "verified": true,
                    "subs_gained_24hrs": 1500,
                    "last_update": "2025-05-28T18:42:24.218Z",
                    "rank": 74
          },
          {
                    "channel_id": "UCstEtN0pgOmCf02EdXsGChw",
                    "name": "ABS-CBN Entertainment",
                    "subscribers": 52673433,
                    "goal": 326567,
                    "pfp": "https://yt3.ggpht.com/JL3LJG2daL2Uv2N6JocY0rNs_37iQbaypfVg_bTghJppQ2SXaZ-_Jzp-csXEIgLi1k7Sdh9mbg=s200-c-k-c0x00ffffff-no-rj",
                    "verified": true,
                    "subs_gained_24hrs": 600,
                    "last_update": "2025-05-28T18:42:23.348Z",
                    "rank": 75
          },
          {
                    "channel_id": "UCgKEvLp8DXCTMq4QY6wW7bw",
                    "name": "Real fools shorts official",
                    "subscribers": 52521976,
                    "goal": 478024,
                    "pfp": "https://yt3.ggpht.com/8kllzNv_4fOg31JamUCeqxI4cwNx5NGtgmaOvq1fpmDPfwJbvx_yS45r5FRD4aRR69V2gdpe=s200-c-k-c0x00ffffff-no-rj",
                    "verified": true,
                    "subs_gained_24hrs": 600,
                    "last_update": "2025-05-28T18:42:23.623Z",
                    "rank": 76
          },
          {
                    "channel_id": "UC_gV70G_Y51LTa3qhu8KiEA",
                    "name": "LUCCAS TOON - LUCCAS NETO",
                    "subscribers": 52114143,
                    "goal": 885857,
                    "pfp": "https://yt3.ggpht.com/FRocTJajX8cs7cSCVbVyBJxVF3mKc5Otyxu_oMgEZpX_LASA7eK6bIdPj7NUpW9Ott58qD_ogB4=s200-c-k-c0x00ffffff-no-rj",
                    "verified": true,
                    "subs_gained_24hrs": 400,
                    "last_update": "2025-05-28T18:42:23.903Z",
                    "rank": 77
          },
          {
                    "channel_id": "UC6gVx_vALsYT-z_u1djJbBQ",
                    "name": "BETER BÖCÜK",
                    "subscribers": 51567456,
                    "goal": 432544,
                    "pfp": "https://yt3.ggpht.com/h6JNY_6GJWYJkhoROr-XyTI8KNbzG5PdL7lxmU4dvbzpnrm5ZzTZgxJz7y8t1E3gkPmcwpJpLZE=s200-c-k-c0x00ffffff-no-rj",
                    "verified": true,
                    "subs_gained_24hrs": 200,
                    "last_update": "2025-05-28T18:42:24.486Z",
                    "rank": 78
          },
          {
                    "channel_id": "UCu59yAFE8fM0sVNTipR4edw",
                    "name": "Masha and The Bear",
                    "subscribers": 51485580,
                    "goal": 514420,
                    "pfp": "https://yt3.ggpht.com/Ia1a2vY3Bj2OOx1i5wY7SYtszFaQl625U83sgvaMYrm63Ln4KoMluY2D2WeWpKjcU8KHjVFJ=s200-c-k-c0x00ffffff-no-rj",
                    "verified": true,
                    "subs_gained_24hrs": 600,
                    "last_update": "2025-05-28T18:42:31.536Z",
                    "rank": 79
          },
          {
                    "channel_id": "UCwHE1kM1CPJd_pI9FQ0-4dg",
                    "name": "shfa",
                    "subscribers": 51154815,
                    "goal": 845185,
                    "pfp": "https://yt3.ggpht.com/ytc/AIdro_kR2yABwzXg1bW3X3qVV3euZ3s4pSDNL1PpvdeYAZwP9yo=s200-c-k-c0x00ffffff-no-rj",
                    "verified": true,
                    "subs_gained_24hrs": 1000,
                    "last_update": "2025-05-28T18:42:24.758Z",
                    "rank": 80
          },
          {
                    "channel_id": "UCEeEQxm6qc_qaTE7qTV5aLQ",
                    "name": "HUM TV",
                    "subscribers": 50998818,
                    "goal": 1182,
                    "pfp": "https://yt3.ggpht.com/ozZfTXiDhcWiZAymmOj2cQFhZbcBTK0K6TnbguD3XsLmNY0SaEuK3Jfj3QwkZx7SmAJSicca-Q=s200-c-k-c0x00ffffff-no-rj",
                    "verified": true,
                    "subs_gained_24hrs": 700,
                    "last_update": "2025-05-28T18:42:25.036Z",
                    "rank": 81
          },
          {
                    "channel_id": "UCQ7x25F6YXY9DvGeHFxLhRQ",
                    "name": "shfa2 - شفا",
                    "subscribers": 50463156,
                    "goal": 536844,
                    "pfp": "https://yt3.ggpht.com/ytc/AIdro_lWrQQZF3PDlmxwKs--h7h6yx4OgrTsD0eTL5IpnFRiOFM=s200-c-k-c0x00ffffff-no-rj",
                    "verified": true,
                    "subs_gained_24hrs": 700,
                    "last_update": "2025-05-28T18:42:25.576Z",
                    "rank": 82
          },
          {
                    "channel_id": "UC4-79UOlP48-QNGgCko5p2g",
                    "name": "MrBeast 2",
                    "subscribers": 50291360,
                    "goal": 708640,
                    "pfp": "https://yt3.ggpht.com/Jd7IA_TOGrW-oXKgX-m5CBJB0tqMemQ-zhZZYmCJxF4w06dcNREG89dHbR_GGLra1TzSJqoKjFM=s200-c-k-c0x00ffffff-no-rj",
                    "verified": true,
                    "subs_gained_24hrs": 1400,
                    "last_update": "2025-05-28T18:42:25.851Z",
                    "rank": 83
          },
          {
                    "channel_id": "UCmBA_wu8xGg1OfOkfW13Q0Q",
                    "name": "Bad Bunny",
                    "subscribers": 50263408,
                    "goal": 736592,
                    "pfp": "https://yt3.ggpht.com/Ys37SrZ6B7RUW8_X3YvQet7VCFNnWa5C5PXe09OgIoY9UkTt1GpP_zap1-w2VF5gZcyS5xQmbJs=s200-c-k-c0x00ffffff-no-rj",
                    "verified": true,
                    "subs_gained_24hrs": 500,
                    "last_update": "2025-05-28T18:42:25.306Z",
                    "rank": 84
          },
          {
                    "channel_id": "UCWi_65E_L8tQZ34C6wVAlpQ",
                    "name": "Ishtar Music",
                    "subscribers": 50112422,
                    "goal": 887578,
                    "pfp": "https://yt3.ggpht.com/_2stKAroIlWX3mlvvTTtrUhZHkgK9GaIlJNsBTsces6EhFTvFN9Hqt5kNJZW_FHyDBIz3JJA4g=s200-c-k-c0x00ffffff-no-rj",
                    "verified": true,
                    "subs_gained_24hrs": 900,
                    "last_update": "2025-05-28T18:42:26.121Z",
                    "rank": 85
          },
          {
                    "channel_id": "UCV4xOVpbcV8SdueDCOxLXtQ",
                    "name": "Fernanfloo",
                    "subscribers": 49168867,
                    "goal": 831133,
                    "pfp": "https://yt3.ggpht.com/ytc/AIdro_krZWidm2ZqWJuhvJ-tD054MwbRpjzt6tubu0JFx0L6ZD0=s200-c-k-c0x00ffffff-no-rj",
                    "verified": true,
                    "subs_gained_24hrs": 400,
                    "last_update": "2025-05-28T18:42:26.662Z",
                    "rank": 86
          },
          {
                    "channel_id": "UCo6y9hnRawAqtyWhRhblXqg",
                    "name": "Dushyant kukreja",
                    "subscribers": 49085287,
                    "goal": 914713,
                    "pfp": "https://yt3.ggpht.com/AkyD6Spy86Ovr9ZR2Tp6gTf-JNMROavNVVeXznIwx32-3cDanr7hWiqD3A6RrVVXJ5gjg-EZ=s200-c-k-c0x00ffffff-no-rj",
                    "verified": true,
                    "subs_gained_24hrs": 200,
                    "last_update": "2025-05-28T18:42:26.389Z",
                    "rank": 87
          },
          {
                    "channel_id": "UCzoUWqjCbcfWFdOMvoep8FA",
                    "name": "Juan De Dios Pantoja",
                    "subscribers": 48764969,
                    "goal": 235031,
                    "pfp": "https://yt3.ggpht.com/En0s2T-YxAm-uqrG-7ND0tcj7skVFzkN_LF0w2E_drO0bxW4nC4SppGQEv53wKoCUsBn9UAU3g=s200-c-k-c0x00ffffff-no-rj",
                    "verified": true,
                    "subs_gained_24hrs": 1100,
                    "last_update": "2025-05-28T18:42:26.934Z",
                    "rank": 88
          },
          {
                    "channel_id": "UC4tS4Q_Cno5JVcIUXxQOOpA",
                    "name": "Ricis Official",
                    "subscribers": 48716400,
                    "goal": 283600,
                    "pfp": "https://yt3.ggpht.com/1De5ZoBdQGnRDA1YvHP646J-gUAJty_7XVJPFZs-1xUqtRtIWQYEjL-zkdJGD5L9hY4IzUVlyg=s200-c-k-c0x00ffffff-no-rj",
                    "verified": true,
                    "subs_gained_24hrs": 100,
                    "last_update": "2025-05-28T18:42:31.805Z",
                    "rank": 89
          },
          {
                    "channel_id": "UCYLNGLIzMhRTi6ZOLjAPSmw",
                    "name": "Shakira",
                    "subscribers": 48321604,
                    "goal": 678396,
                    "pfp": "https://yt3.ggpht.com/aFFxy2m2TB9dOJJEduJKEyAYsr79uE3ypQZLg-Jbc4TXlxsfCFoe7Ly3E3ou5sTPbglNiTyiKw=s200-c-k-c0x00ffffff-no-rj",
                    "verified": true,
                    "subs_gained_24hrs": 400,
                    "last_update": "2025-05-28T18:42:32.081Z",
                    "rank": 90
          },
          {
                    "channel_id": "UCRWFSbif-RFENbBrSiez1DA",
                    "name": "ABP NEWS",
                    "subscribers": 48292168,
                    "goal": 707832,
                    "pfp": "https://yt3.ggpht.com/cs6p1LSNJDQLhs9abvm8Sc_NT_SG5_6mHQo9ML2CtyIwOcHSDB48W4Apqjrg-LWMXRCXkv4Ai0U=s200-c-k-c0x00ffffff-no-rj",
                    "verified": true,
                    "subs_gained_24hrs": 400,
                    "last_update": "2025-05-28T18:42:27.474Z",
                    "rank": 91
          },
          {
                    "channel_id": "UC1a2ZCw7tugRZYRMnecNj3A",
                    "name": "Celine Dept",
                    "subscribers": 48116107,
                    "goal": 883893,
                    "pfp": "https://yt3.ggpht.com/HulYQISJYaJMMJrol_lngrOVAh7xFdT5c0O8WToVXJznsj4SHm3kGfp2excjx43Xz2jct4zQ=s200-c-k-c0x00ffffff-no-rj",
                    "verified": true,
                    "subs_gained_24hrs": 3100,
                    "last_update": "2025-05-28T18:42:29.634Z",
                    "rank": 92
          },
          {
                    "channel_id": "UCKe6w0exI94U-RzqAyoY1VA",
                    "name": "Maria Clara & JP",
                    "subscribers": 48089687,
                    "goal": 910313,
                    "pfp": "https://yt3.ggpht.com/ytc/AIdro_n8EDt3qdYql9Dt6WAZDlb_7Af8wIukpc3h3cAbCptHNUg=s200-c-k-c0x00ffffff-no-rj",
                    "verified": true,
                    "subs_gained_24hrs": 500,
                    "last_update": "2025-05-28T18:42:27.207Z",
                    "rank": 93
          },
          {
                    "channel_id": "UCIPPMRA040LQr5QPyJEbmXA",
                    "name": "MrBeast Gaming",
                    "subscribers": 47769447,
                    "goal": 230553,
                    "pfp": "https://yt3.ggpht.com/ytc/AIdro_lMiSL6eHqg2dVxvll6mVMeXo1qVak4TZ4_7mEWdobRRCk=s200-c-k-c0x00ffffff-no-rj",
                    "verified": true,
                    "subs_gained_24hrs": 800,
                    "last_update": "2025-05-28T18:42:28.284Z",
                    "rank": 94
          },
          {
                    "channel_id": "UCNzmmbXIbMzlqE8nD1PBXfg",
                    "name": "Dangal TV Channel",
                    "subscribers": 47716456,
                    "goal": 283544,
                    "pfp": "https://yt3.ggpht.com/JIt8cyzUH7FSN5h7bnVf1eWt27cHL6USpl_lkrjx3d831K_U1YLQWvrTO5zMokSPhU1F-RRStg=s200-c-k-c0x00ffffff-no-rj",
                    "verified": true,
                    "subs_gained_24hrs": 2500,
                    "last_update": "2025-05-28T18:42:30.172Z",
                    "rank": 95
          },
          {
                    "channel_id": "UCttspZesZIDEwwpVIgoZtWQ",
                    "name": "IndiaTV",
                    "subscribers": 47679418,
                    "goal": 320582,
                    "pfp": "https://yt3.ggpht.com/AwlTEW5U7D3H-EmH-yVg57Wh-L7ZtPcFzwucE8vBYyuPi3at7gOzaXl9HtT-SGXilM2VG4UGiw=s200-c-k-c0x00ffffff-no-rj",
                    "verified": true,
                    "subs_gained_24hrs": 600,
                    "last_update": "2025-05-28T18:42:29.364Z",
                    "rank": 96
          },
          {
                    "channel_id": "UCRm96I5kmb_iGFofE5N691w",
                    "name": "T-Series Bollywood Classics",
                    "subscribers": 47676402,
                    "goal": 323598,
                    "pfp": "https://yt3.ggpht.com/gmC_qPleYtmSRfm2cpMMFARltMfwoCr9ZqhDe3Y9flc1kb9a5jLSFJShvhHgP0QipA5X5ZV0BQ=s200-c-k-c0x00ffffff-no-rj",
                    "verified": true,
                    "subs_gained_24hrs": 1400,
                    "last_update": "2025-05-28T18:42:28.556Z",
                    "rank": 97
          },
          {
                    "channel_id": "UCYWOjHweP2V-8kGKmmAmQJQ",
                    "name": "Badabun",
                    "subscribers": 47672717,
                    "goal": 327283,
                    "pfp": "https://yt3.ggpht.com/f3gHNyF4omCvi9dRThcWpRYNKNJuGoeyOAA2ucz7_1kue-6qPRZCsXJIsXeQjCClYrhvBFmUDA=s200-c-k-c0x00ffffff-no-rj",
                    "verified": true,
                    "subs_gained_24hrs": 0,
                    "last_update": "2025-05-28T18:42:27.743Z",
                    "rank": 98
          },
          {
                    "channel_id": "UCV306eHqgo0LvBf3Mh36AHg",
                    "name": "Felipe Neto",
                    "subscribers": 47326838,
                    "goal": 673162,
                    "pfp": "https://yt3.ggpht.com/H0RNd1G-fc4maFZ6SxVK8u3yj73g95-DohYm7lfbIzKt7w5SKKNx8uTg6ZxFxrou_VQz9X5b=s200-c-k-c0x00ffffff-no-rj",
                    "verified": true,
                    "subs_gained_24hrs": 100,
                    "last_update": "2025-05-28T18:42:28.014Z",
                    "rank": 99
          },
          {
                    "channel_id": "UCj-SWZSE0AmotGSQ3apROHw",
                    "name": "PowerKids TV",
                    "subscribers": 47139654,
                    "goal": 860346,
                    "pfp": "https://yt3.ggpht.com/YxaykkozcK8iHddSeZQX16gvHngNU83EZI2wGtKWK6gLwf02FqRg8xnKFB-ouMnGT8CBYsfqCQo=s200-c-k-c0x00ffffff-no-rj",
                    "verified": true,
                    "subs_gained_24hrs": 900,
                    "last_update": "2025-05-28T18:42:29.905Z",
                    "rank": 100
          },
          {
                    "channel_id": "UCQZfFRohQ7UX-0CdXl-6pwQ",
                    "name": "Kimberly Loaiza",
                    "subscribers": 46989203,
                    "goal": 10797,
                    "pfp": "https://yt3.ggpht.com/laXXrVdjFWIdweoBMaLB-V6lmTD7Z72EZtCns0IfQRO7vZAPTitBgOKxyJo_SjEITIvIY0if=s200-c-k-c0x00ffffff-no-rj",
                    "verified": true,
                    "subs_gained_24hrs": 200,
                    "last_update": "2025-05-28T18:42:28.826Z",
                    "rank": 101
          },
          {
                    "channel_id": "UCOsyDsO5tIt-VZ1iwjdQmew",
                    "name": "Speed Records",
                    "subscribers": 46947360,
                    "goal": 52640,
                    "pfp": "https://yt3.ggpht.com/ytc/AIdro_lTIClTxbIfXAJHtzwqInxzY5h7PnvI9thZffyXeoa6xsA=s200-c-k-c0x00ffffff-no-rj",
                    "verified": true,
                    "subs_gained_24hrs": 500,
                    "last_update": "2025-05-28T18:42:29.093Z",
                    "rank": 102
          },
          {
                    "channel_id": "UCJrOtniJ0-NWz37R30urifQ",
                    "name": "Alan Walker",
                    "subscribers": 46907043,
                    "goal": 92957,
                    "pfp": "https://yt3.ggpht.com/x-98fIadsuqoSWyhUgr9Hi1W04UTTLcrKlU6vj7uhghrlThdBnOE2dCvCiBafk8_z9Mw7SaLtQ=s200-c-k-c0x00ffffff-no-rj",
                    "verified": true,
                    "subs_gained_24hrs": 200,
                    "last_update": "2025-05-28T18:42:32.353Z",
                    "rank": 103
          },
          {
                    "channel_id": "UCgJ5_1F6yJhYLnyMszUdmUg",
                    "name": "Shorts Break",
                    "subscribers": 46799512,
                    "goal": 200488,
                    "pfp": "https://yt3.ggpht.com/LQlTZQUA20QkURH42H4bz2Zdnegtw_nr2Z-uvD2jKIXAq3naBnWhOco172MLSbEAb-AFA86-RA=s200-c-k-c0x00ffffff-no-rj",
                    "verified": true,
                    "subs_gained_24hrs": 700,
                    "last_update": "2025-05-28T18:42:30.718Z",
                    "rank": 104
          },
          {
                    "channel_id": "UCtW7qWjpCZ8zps-Cf2NF26w",
                    "name": "Goldmines Gaane Sune Ansune",
                    "subscribers": 46654915,
                    "goal": 345085,
                    "pfp": "https://yt3.ggpht.com/dEGXM4wDIFcuWCGSLpIzUBn8EXVMpIz1Ni5Dn0YP3u8iTsWs5U_7W2bKeTPza5BeaAI-YIYk1Ck=s200-c-k-c0x00ffffff-no-rj",
                    "verified": true,
                    "subs_gained_24hrs": 800,
                    "last_update": "2025-05-28T18:42:30.992Z",
                    "rank": 105
          },
          {
                    "channel_id": "UCj0O6W8yDuLg3iraAXKgCrQ",
                    "name": "Você Sabia?",
                    "subscribers": 46503198,
                    "goal": 496802,
                    "pfp": "https://yt3.ggpht.com/ytc/AIdro_kdYOUtp16eJsT8yUlmbU2sDUP8ESohkDlSLW9KDUXwJQI=s200-c-k-c0x00ffffff-no-rj",
                    "verified": true,
                    "subs_gained_24hrs": 100,
                    "last_update": "2025-05-28T18:42:30.445Z",
                    "rank": 106
          },
          {
                    "channel_id": "UCK5Q72Uyo73uRPk8PmM2A3w",
                    "name": "Genevieve's Playhouse - Learning Videos for Kids",
                    "subscribers": 46417669,
                    "goal": 582331,
                    "pfp": "https://yt3.ggpht.com/ytc/AIdro_kbIC31vc6vnxLlz_EpLvg_xxTI3MuN2dq7klx_4g_qBuk=s200-c-k-c0x00ffffff-no-rj",
                    "verified": true,
                    "subs_gained_24hrs": 600,
                    "last_update": "2025-05-28T18:42:32.893Z",
                    "rank": 107
          },
          {
                    "channel_id": "UCYvmuw-JtVrTZQ-7Y4kd63Q",
                    "name": "Katy Perry",
                    "subscribers": 46168693,
                    "goal": 831307,
                    "pfp": "https://yt3.ggpht.com/0JHDiF44tXg9XWEwdlEz5_q5ygZYwcOIKKcOdi5R8hLRCwe-34nlSNlGzIzg9elk1EHlYqf1HA=s200-c-k-c0x00ffffff-no-rj",
                    "verified": true,
                    "subs_gained_24hrs": 200,
                    "last_update": "2025-05-28T18:42:33.437Z",
                    "rank": 108
          },
          {
                    "channel_id": "UCw7xjxzbMwgBSmbeYwqYRMg",
                    "name": "Sony PAL",
                    "subscribers": 46165298,
                    "goal": 834702,
                    "pfp": "https://yt3.ggpht.com/AU6M16mvllbIJosxdTX_DA8LDrrKIGsGdx1bjfYhUNSx8_UdWiVCWAvx90pXprSpWYEhxTyB=s200-c-k-c0x00ffffff-no-rj",
                    "verified": true,
                    "subs_gained_24hrs": 400,
                    "last_update": "2025-05-28T18:42:33.163Z",
                    "rank": 109
          },
          {
                    "channel_id": "UCX8pnu3DYUnx8qy8V_c6oHg",
                    "name": "Techno Gamerz",
                    "subscribers": 46101697,
                    "goal": 898303,
                    "pfp": "https://yt3.ggpht.com/ytc/AIdro_mSh0doIgogNhhpzLcRYEMRorZefkBUe_6LYOWnLgzSyFc=s200-c-k-c0x00ffffff-no-rj",
                    "verified": true,
                    "subs_gained_24hrs": 1000,
                    "last_update": "2025-05-28T18:42:33.989Z",
                    "rank": 110
          },
          {
                    "channel_id": "UCsSsgPaZ2GSmO6il8Cb5iGA",
                    "name": "DaFuq!?Boom!",
                    "subscribers": 45848695,
                    "goal": 151305,
                    "pfp": "https://yt3.ggpht.com/l-WPpjKIZ5sk6Pneui4rXxtZzkAbs6OQ_UcDRNXgkFt5XOwb3lnnFfT4O1MzNX_BsI5Dls_XFA=s200-c-k-c0x00ffffff-no-rj",
                    "verified": true,
                    "subs_gained_24hrs": 0,
                    "last_update": "2025-05-28T18:42:33.713Z",
                    "rank": 111
          },
          {
                    "channel_id": "UCqq5n-Oe-r1EEHI3yvhVJcA",
                    "name": "AboFlah",
                    "subscribers": 45807245,
                    "goal": 192755,
                    "pfp": "https://yt3.ggpht.com/1dbuciiH7h9ZkH30epzkWgOIrCZcYOfDUugutmaK2om1l8bde5zZbpeGT23iMJZ-rnuZ1j2rELY=s200-c-k-c0x00ffffff-no-rj",
                    "verified": true,
                    "subs_gained_24hrs": 400,
                    "last_update": "2025-05-28T18:42:34.262Z",
                    "rank": 112
          },
          {
                    "channel_id": "UCSiDGb0MnHFGjs4E2WKvShw",
                    "name": "MR. INDIAN HACKER",
                    "subscribers": 45543678,
                    "goal": 456322,
                    "pfp": "https://yt3.ggpht.com/ytc/AIdro_n6rCnXvBYGxRd-gdNXLc2pxyX7ClUTYGhEiP3g6vpWKnI=s200-c-k-c0x00ffffff-no-rj",
                    "verified": true,
                    "subs_gained_24hrs": 400,
                    "last_update": "2025-05-28T18:42:34.535Z",
                    "rank": 113
          },
          {
                    "channel_id": "UCdX5KXiCTPYWYZscfphgQ4g",
                    "name": "BeatboxJCOP",
                    "subscribers": 45382000,
                    "goal": 618000,
                    "pfp": "https://yt3.ggpht.com/49iW-jgJ4MOWR0DqF17gXU8mwE8eEEkpKF4mUe_gmjPVRdKUJvKuXv1WpY4sZSdvl1kkFXVAoCA=s200-c-k-c0x00ffffff-no-rj",
                    "verified": true,
                    "subs_gained_24hrs": 600,
                    "last_update": "2025-05-28T18:42:34.807Z",
                    "rank": 114
          },
          {
                    "channel_id": "UCj22tfcQrWG7EMEKS0qLeEg",
                    "name": "CarryMinati",
                    "subscribers": 44970107,
                    "goal": 29893,
                    "pfp": "https://yt3.ggpht.com/cxE8FStJktJ2oiuv1f-7OHMfJI7ZlMby4NgPDkfJTyV3sOsvdo5pmsAb8TAcJVNor6gNT2h_0w=s200-c-k-c0x00ffffff-no-rj",
                    "verified": true,
                    "subs_gained_24hrs": 100,
                    "last_update": "2025-05-28T18:42:35.078Z",
                    "rank": 115
          },
          {
                    "channel_id": "UC3KQ5GWANYF8lChqjZpXsQw",
                    "name": "whinderssonnunes",
                    "subscribers": 44865913,
                    "goal": 134087,
                    "pfp": "https://yt3.ggpht.com/3ndLDRmRCdk8haub1O8Er2l0UFskjzAnE4MJN0Ul2BnIyRCKoaTMKtgeJNctI6QcR2ysHEhKUQ=s200-c-k-c0x00ffffff-no-rj",
                    "verified": true,
                    "subs_gained_24hrs": 100,
                    "last_update": "2025-05-28T18:42:35.415Z",
                    "rank": 116
          },
          {
                    "channel_id": "UC4rlAVgAK0SGk-yTfe48Qpw",
                    "name": "BRIGHT SIDE",
                    "subscribers": 44764603,
                    "goal": 235397,
                    "pfp": "https://yt3.ggpht.com/BimIuq2UYH1h-GQDEiV89I1dUEtpWVR8Mp_Q516vPN8rLw488Ap1G9ALhPUyqN8_HTPMbawTBDk=s200-c-k-c0x00ffffff-no-rj",
                    "verified": true,
                    "subs_gained_24hrs": 0,
                    "last_update": "2025-05-28T18:42:35.692Z",
                    "rank": 117
          },
          {
                    "channel_id": "UCECJDeK0MNapZbpaOzxrUPA",
                    "name": "Luisito Comunica",
                    "subscribers": 44752211,
                    "goal": 247789,
                    "pfp": "https://yt3.ggpht.com/ytc/AIdro_nyXrAAt-FJ5azOAUoNd5Iw0aGQb-_b-SLSOkW0B_N2md4=s200-c-k-c0x00ffffff-no-rj",
                    "verified": true,
                    "subs_gained_24hrs": 500,
                    "last_update": "2025-05-28T18:42:36.237Z",
                    "rank": 118
          },
          {
                    "channel_id": "UC5c9VlYTSvBSCaoMu_GI6gQ",
                    "name": "Total Gaming",
                    "subscribers": 44715961,
                    "goal": 284039,
                    "pfp": "https://yt3.ggpht.com/ytc/AIdro_l7o9hDEiDVLvAW00YMnnYKzf4UpyJWhREfNWD3V33mBhM=s200-c-k-c0x00ffffff-no-rj",
                    "verified": true,
                    "subs_gained_24hrs": 200,
                    "last_update": "2025-05-28T18:42:35.962Z",
                    "rank": 119
          },
          {
                    "channel_id": "UCcgqSM4YEo5vVQpqwN-MaNw",
                    "name": "Rihanna",
                    "subscribers": 44576527,
                    "goal": 423473,
                    "pfp": "https://yt3.ggpht.com/JHgfsA_OGWjPqZCggkCmQpsIecNtG0NqgY4q5wersq1UAkEcpQVioUpuOpw7K8DItQKGyxThUQ=s200-c-k-c0x00ffffff-no-rj",
                    "verified": true,
                    "subs_gained_24hrs": 300,
                    "last_update": "2025-05-28T18:42:36.506Z",
                    "rank": 120
          },
          {
                    "channel_id": "UCzEAWIWMigRBbulQ6yVlilg",
                    "name": "Priyal Kukreja",
                    "subscribers": 44575197,
                    "goal": 424803,
                    "pfp": "https://yt3.ggpht.com/e0PQ2IE-7XkTG5mtn_l4meYBwBOyD5zGLU9faPFWml8zQACG90sE677UXziQ885AiOpZqO3d=s200-c-k-c0x00ffffff-no-rj",
                    "verified": true,
                    "subs_gained_24hrs": 600,
                    "last_update": "2025-05-28T18:42:36.779Z",
                    "rank": 121
          },
          {
                    "channel_id": "UCLsooMJoIpl_7ux2jvdPB-Q",
                    "name": "Super Simple Songs - Kids Songs",
                    "subscribers": 44436788,
                    "goal": 563212,
                    "pfp": "https://yt3.ggpht.com/x7yHOvSWKX_olv_pgx1Ou4SsHI_eOg27sXy9jbNO15rHMG3y425LnmFIyoxDyvLA8Qi3k_0rWw=s200-c-k-c0x00ffffff-no-rj",
                    "verified": true,
                    "subs_gained_24hrs": 400,
                    "last_update": "2025-05-28T18:42:37.312Z",
                    "rank": 122
          },
          {
                    "channel_id": "UCS94J1s6-qc8v7btCdS2pNg",
                    "name": "Like Nastya Show",
                    "subscribers": 44417055,
                    "goal": 582945,
                    "pfp": "https://yt3.ggpht.com/jZe81ws5l57kOqfmVGKlgNZZbNiPQBarmxBiFzB4icuWz2uebZ4aUVYzUkBA-kAbwbR7rMa8ww=s200-c-k-c0x00ffffff-no-rj",
                    "verified": true,
                    "subs_gained_24hrs": 100,
                    "last_update": "2025-05-28T18:42:37.048Z",
                    "rank": 123
          },
          {
                    "channel_id": "UCK9F8nycURBsR0YlrBsu1Ag",
                    "name": "Jingle Toons",
                    "subscribers": 44352308,
                    "goal": 647692,
                    "pfp": "https://yt3.ggpht.com/ytc/AIdro_lQm2XrrKZ3ie2CZrKUyv-24bln9TKYDf7R0w3R0cJ2TfM=s200-c-k-c0x00ffffff-no-rj",
                    "verified": true,
                    "subs_gained_24hrs": 600,
                    "last_update": "2025-05-28T18:42:37.862Z",
                    "rank": 124
          },
          {
                    "channel_id": "UCZJ7m7EnCNodqnu5SAtg8eQ",
                    "name": "HolaSoyGerman.",
                    "subscribers": 44278851,
                    "goal": 721149,
                    "pfp": "https://yt3.ggpht.com/ytc/AIdro_kxkrHE7hOdSg005m6_Lr4A-8cj9qhs2cK4hb6fyOy18FA=s200-c-k-c0x00ffffff-no-rj",
                    "verified": true,
                    "subs_gained_24hrs": 100,
                    "last_update": "2025-05-28T18:42:37.588Z",
                    "rank": 125
          },
          {
                    "channel_id": "UCmL1WlDI8UkXDXCXcBQN9CA",
                    "name": "Ultra Bollywood",
                    "subscribers": 44147377,
                    "goal": 852623,
                    "pfp": "https://yt3.ggpht.com/k-ttextobVe4D05OqobL_IMQNFB1I-gjyIsLS35YB7jWK4dAFcn5UE1lyqcPDFhEqWBtdkvEE4Q=s200-c-k-c0x00ffffff-no-rj",
                    "verified": true,
                    "subs_gained_24hrs": 500,
                    "last_update": "2025-05-28T18:42:38.136Z",
                    "rank": 126
          },
          {
                    "channel_id": "UCwpcLKMwiuPg4aqImpGk6Ew",
                    "name": "La Granja de Zenón",
                    "subscribers": 43717446,
                    "goal": 282554,
                    "pfp": "https://yt3.ggpht.com/K0luuIXlZ-oIjEn3kgEljZR2XgxSG27-HF7gz4A1sv0qCbzO7d55SBjPGMYzDeabZRXvUn6zng=s200-c-k-c0x00ffffff-no-rj",
                    "verified": true,
                    "subs_gained_24hrs": 600,
                    "last_update": "2025-05-28T18:42:38.406Z",
                    "rank": 127
          },
          {
                    "channel_id": "UC4hGmH5sABOA70D4fGb8qNQ",
                    "name": "Frost Diamond",
                    "subscribers": 43467011,
                    "goal": 532989,
                    "pfp": "https://yt3.ggpht.com/ytc/AIdro_koyYvPfzTasJkD2Ypv4Pw3UFLeR9IeIB1xKG5E8IWq8FA=s200-c-k-c0x00ffffff-no-rj",
                    "verified": true,
                    "subs_gained_24hrs": 700,
                    "last_update": "2025-05-28T18:42:39.221Z",
                    "rank": 128
          },
          {
                    "channel_id": "UCz7PhJtc2G8Sre2vCLfmqAw",
                    "name": "Akshay Nagwadiya",
                    "subscribers": 43375729,
                    "goal": 624271,
                    "pfp": "https://yt3.ggpht.com/3GuN03BT2sZrWaGYchYEZ2ya-tHSyEwaaiJRramsJYgmHom5BdY6jTIBm2RRmnF9W5FGGD5DfuY=s200-c-k-c0x00ffffff-no-rj",
                    "verified": true,
                    "subs_gained_24hrs": 300,
                    "last_update": "2025-05-28T18:42:38.944Z",
                    "rank": 129
          },
          {
                    "channel_id": "UCBR8-60-B28hp2BmDPdntcQ",
                    "name": "YouTube",
                    "subscribers": 43340127,
                    "goal": 659873,
                    "pfp": "https://yt3.ggpht.com/Bg5wS82KGryRmcsn1YbPThtbXoTmj2XJ9_7LmuE2RF6wbKJBkovfRypbSz6UD3gEu_nHiwGZtQ=s200-c-k-c0x00ffffff-no-rj",
                    "verified": true,
                    "subs_gained_24hrs": 300,
                    "last_update": "2025-05-28T18:42:38.673Z",
                    "rank": 130
          },
          {
                    "channel_id": "UCyI6QRxXArFsfWlMdvoG2hw",
                    "name": "Karla Bustillos",
                    "subscribers": 43052984,
                    "goal": 947016,
                    "pfp": "https://yt3.ggpht.com/gi8XHuz8a3Gi3q7jQtAc6AReO1V4C7TgLTskUyS8lYJsXF8m5oJOPfCONh30Bue2h1mkdEK5jQ=s200-c-k-c0x00ffffff-no-rj",
                    "verified": true,
                    "subs_gained_24hrs": 1000,
                    "last_update": "2025-05-28T18:42:41.121Z",
                    "rank": 131
          },
          {
                    "channel_id": "UCNRl8nOCoUvki2FNFxQZgEg",
                    "name": "dednahype",
                    "subscribers": 43042039,
                    "goal": 957961,
                    "pfp": "https://yt3.ggpht.com/7zXJWct_mAgVd14vtbIkzWRve0v1_V0tncOxB0K6dQyxG06LCKea6kZWUYdGYiH1neqRledf2A=s200-c-k-c0x00ffffff-no-rj",
                    "verified": true,
                    "subs_gained_24hrs": 1600,
                    "last_update": "2025-05-28T18:42:41.390Z",
                    "rank": 132
          },
          {
                    "channel_id": "UCsT0YIqwnpJCM-mx7-gSA4Q",
                    "name": "TEDx Talks",
                    "subscribers": 43027243,
                    "goal": 972757,
                    "pfp": "https://yt3.ggpht.com/1gDPO-4YPWFErfn3yQBnv0yxpkmiud1m5CrorApkOqUYdNd9FrZQ9xB9C9VmDt4EsgArnlwqAQc=s200-c-k-c0x00ffffff-no-rj",
                    "verified": true,
                    "subs_gained_24hrs": 300,
                    "last_update": "2025-05-28T18:42:39.762Z",
                    "rank": 133
          },
          {
                    "channel_id": "UC8f7MkX4MFOOJ2SerXLInCA",
                    "name": "ช่อง one31",
                    "subscribers": 43021472,
                    "goal": 978528,
                    "pfp": "https://yt3.ggpht.com/IhPOVMtqis-Q_fthmmfLLJONsEP_BWNV0bqmq29H-izmLFabeU8rK2y96yP1wAU7rMX-s28OWA=s200-c-k-c0x00ffffff-no-rj",
                    "verified": true,
                    "subs_gained_24hrs": 400,
                    "last_update": "2025-05-28T18:42:39.490Z",
                    "rank": 134
          },
          {
                    "channel_id": "UC2bYhAHyaqfWlPXWBVk4BcA",
                    "name": "Enaldinho",
                    "subscribers": 42898396,
                    "goal": 101604,
                    "pfp": "https://yt3.ggpht.com/ytc/AIdro_lNfCHmB7VYlLAcGD4zEuR5gKBf4KWe8pSs6TCwLLw7xbo=s200-c-k-c0x00ffffff-no-rj",
                    "verified": true,
                    "subs_gained_24hrs": 700,
                    "last_update": "2025-05-28T18:42:40.578Z",
                    "rank": 135
          },
          {
                    "channel_id": "UCq8DICunczvLuJJq414110A",
                    "name": "Zach King",
                    "subscribers": 42876374,
                    "goal": 123626,
                    "pfp": "https://yt3.ggpht.com/ytc/AIdro_kik7i7hId8EjFMERTw3_j8ODyhoot8JF3iUJRs53htOJc=s200-c-k-c0x00ffffff-no-rj",
                    "verified": true,
                    "subs_gained_24hrs": 400,
                    "last_update": "2025-05-28T18:42:40.309Z",
                    "rank": 136
          },
          {
                    "channel_id": "UC3ZkCd7XtUREnjjt3cyY_gg",
                    "name": "WorkpointOfficial",
                    "subscribers": 42870162,
                    "goal": 129838,
                    "pfp": "https://yt3.ggpht.com/EYy7K58QEYSGVPG9C7nP_4N_DKcdVoU4uu8RWnr4qooajJVw7pO9mrxzLAZqoe5bRRNryJBg=s200-c-k-c0x00ffffff-no-rj",
                    "verified": true,
                    "subs_gained_24hrs": 200,
                    "last_update": "2025-05-28T18:42:40.036Z",
                    "rank": 137
          },
          {
                    "channel_id": "UCaHEdZtk6k7SVP-umnzifmQ",
                    "name": "TheDonato",
                    "subscribers": 42615063,
                    "goal": 384937,
                    "pfp": "https://yt3.ggpht.com/65e_P6PF3xfbp2YZhS-MPrBoWvGXlTpNalK6Y9wz_1Gz5fyEUnxzEWHFo_am0s784VumAIEV=s200-c-k-c0x00ffffff-no-rj",
                    "verified": true,
                    "subs_gained_24hrs": 200,
                    "last_update": "2025-05-28T18:42:40.845Z",
                    "rank": 138
          },
          {
                    "channel_id": "UCNUQK9mQoqi4yNXw2_Rj6SA",
                    "name": "GR6 EXPLODE",
                    "subscribers": 42397888,
                    "goal": 602112,
                    "pfp": "https://yt3.ggpht.com/NuZebHISBJBWPDKX73OAlUdMY7-RtdavT1UZGNc8ODGz8NWJt7CtBH-JRpW937w3ITpI-y3Y=s200-c-k-c0x00ffffff-no-rj",
                    "verified": true,
                    "subs_gained_24hrs": 300,
                    "last_update": "2025-05-28T18:42:41.656Z",
                    "rank": 139
          },
          {
                    "channel_id": "UCuSo4gcgxJRf4Bzu43wwVyg",
                    "name": "Masha y el Oso",
                    "subscribers": 42183797,
                    "goal": 816203,
                    "pfp": "https://yt3.ggpht.com/bTAGaR9vVbP95UnGNPLa0Bz253iZeOW-bx1IfE1JFfacLJ6T6oouulFe42vLGb-fDHQBwoxlGQ=s200-c-k-c0x00ffffff-no-rj",
                    "verified": true,
                    "subs_gained_24hrs": 700,
                    "last_update": "2025-05-28T18:42:41.925Z",
                    "rank": 140
          },
          {
                    "channel_id": "UCMsPm8-25ygqRrRe9_s1WFw",
                    "name": "LeoNata Family",
                    "subscribers": 41995906,
                    "goal": 4094,
                    "pfp": "https://yt3.ggpht.com/_mAgJyJ6QJYmRes8DlRbZRYAHhoYNDCfT7DflsHZFdZq9z6TCZ5dwy0LgbiH0g_xgOJv3hhVgDE=s200-c-k-c0x00ffffff-no-rj",
                    "verified": true,
                    "subs_gained_24hrs": 800,
                    "last_update": "2025-05-28T18:42:42.493Z",
                    "rank": 141
          },
          {
                    "channel_id": "UCM9r1xn6s30OnlJWb-jc3Sw",
                    "name": "XXXTENTACION",
                    "subscribers": 41968553,
                    "goal": 31447,
                    "pfp": "https://yt3.ggpht.com/ytc/AIdro_mbI0EKHCwGVz_gAUSd75-pRb7fmeKH9wye8ionYojiU3Q=s200-c-k-c0x00ffffff-no-rj",
                    "verified": true,
                    "subs_gained_24hrs": 300,
                    "last_update": "2025-05-28T18:42:42.221Z",
                    "rank": 142
          },
          {
                    "channel_id": "UCx790OVgpTC1UVBQIqu3gnQ",
                    "name": "★ Kids Roma Show",
                    "subscribers": 41872011,
                    "goal": 127989,
                    "pfp": "https://yt3.ggpht.com/ytc/AIdro_lFn3mh5BIe7qqMcu8Rcd0wDTS6hsBket8y2ZkXgORumzI=s200-c-k-c0x00ffffff-no-rj",
                    "verified": true,
                    "subs_gained_24hrs": 700,
                    "last_update": "2025-05-28T18:42:43.578Z",
                    "rank": 143
          },
          {
                    "channel_id": "UCe3yZzUwpmy2eKKmF9svX0Q",
                    "name": "Jason Derulo",
                    "subscribers": 41641071,
                    "goal": 358929,
                    "pfp": "https://yt3.ggpht.com/QSz-Wl_O37Hgnud7FmmfooWKdsaHYsItmUdIv_YjG5G34dxbyoEFqn6Y4OaZAkCKy-L-DbClyA=s200-c-k-c0x00ffffff-no-rj",
                    "verified": true,
                    "subs_gained_24hrs": 300,
                    "last_update": "2025-05-28T18:42:43.312Z",
                    "rank": 144
          },
          {
                    "channel_id": "UCSf0s2ogUVYpJPuzW1zpAOg",
                    "name": "LankyBox",
                    "subscribers": 41639184,
                    "goal": 360816,
                    "pfp": "https://yt3.ggpht.com/s34n05C549gbmPlspcwdTBzjC-xE-0ii4MG0ppJf-0DzOuEpKgDh0byajvX6kKAC1ns_RQWu3w=s200-c-k-c0x00ffffff-no-rj",
                    "verified": true,
                    "subs_gained_24hrs": 200,
                    "last_update": "2025-05-28T18:42:43.045Z",
                    "rank": 145
          },
          {
                    "channel_id": "UCKAqou7V9FAWXpZd9xtOg3Q",
                    "name": "Little Baby Bum - Nursery Rhymes & Kids Songs",
                    "subscribers": 41608378,
                    "goal": 391622,
                    "pfp": "https://yt3.ggpht.com/m_TEySnkSgW4JSO1zH-Ln0Hu0v9mGUTMQXJawt3dpHVLB6VjC7jme0bJkziIvKbx2YW1IhfPxho=s200-c-k-c0x00ffffff-no-rj",
                    "verified": true,
                    "subs_gained_24hrs": 100,
                    "last_update": "2025-05-28T18:42:42.771Z",
                    "rank": 146
          },
          {
                    "channel_id": "UCbGPgvNunvclTypPtL3sa0w",
                    "name": "BEN EAGLE",
                    "subscribers": 41421751,
                    "goal": 578249,
                    "pfp": "https://yt3.ggpht.com/-YFcA0fs7chdsR3jo535i1uLPj7UTLBywrldrkiD4aqkoHEM3Qh7ZgfQySmnWXeWU9GCPmbS=s200-c-k-c0x00ffffff-no-rj",
                    "verified": true,
                    "subs_gained_24hrs": 5700,
                    "last_update": "2025-05-28T18:42:46.835Z",
                    "rank": 147
          },
          {
                    "channel_id": "UCoUM-UJ7rirJYP8CQ0EIaHA",
                    "name": "Bruno Mars",
                    "subscribers": 41397152,
                    "goal": 602848,
                    "pfp": "https://yt3.ggpht.com/DFAj5Pcujo1P0iXe8x4XoZwwItN9cbHnDxbdamvhqSTzXTmyNlqsE1HN2bEQN5vpXE6SB1IAoCM=s200-c-k-c0x00ffffff-no-rj",
                    "verified": true,
                    "subs_gained_24hrs": 400,
                    "last_update": "2025-05-28T18:42:43.844Z",
                    "rank": 148
          },
          {
                    "channel_id": "UCIvaYmXn910QMdemBG3v1pQ",
                    "name": "Zee News",
                    "subscribers": 41126023,
                    "goal": 873977,
                    "pfp": "https://yt3.ggpht.com/tQlDk2Hj0Ihl6bQi2UDtw2S1vhxrrn-e8O3UPiM2ZlPdmd43LXQ4OH6w09Ayysf8F7jlxnTkWQ=s200-c-k-c0x00ffffff-no-rj",
                    "verified": true,
                    "subs_gained_24hrs": 500,
                    "last_update": "2025-05-28T18:42:45.205Z",
                    "rank": 149
          },
          {
                    "channel_id": "UCpYye8D5fFMUPf9nSfgd4bA",
                    "name": "BabyBus - Kids Songs and Cartoons",
                    "subscribers": 40926737,
                    "goal": 73263,
                    "pfp": "https://yt3.ggpht.com/h8scB8Et9ooSoeRG3goQ3spO1Hh2P8c_aJgH5MtbQ-KdrAXhrLv_RrhoiigOuuzaAMwDAQvfJw=s200-c-k-c0x00ffffff-no-rj",
                    "verified": true,
                    "subs_gained_24hrs": 500,
                    "last_update": "2025-05-28T18:42:44.116Z",
                    "rank": 150
          },
          {
                    "channel_id": "UCXazgXDIYyWH-yXLAkcrFxw",
                    "name": "elrubiusOMG",
                    "subscribers": 40767337,
                    "goal": 232663,
                    "pfp": "https://yt3.ggpht.com/ytc/AIdro_ltPeeQY8CUT-owxQBm6QmY9U0XAdT29J9Y97EcwGlW50wT=s200-c-k-c0x00ffffff-no-rj",
                    "verified": true,
                    "subs_gained_24hrs": 0,
                    "last_update": "2025-05-28T18:42:44.387Z",
                    "rank": 151
          },
          {
                    "channel_id": "UC56dNUTok1pgvpY75CsJQ4Q",
                    "name": "Gulshan Kalra",
                    "subscribers": 40685283,
                    "goal": 314717,
                    "pfp": "https://yt3.ggpht.com/3dFTGXJ2jiYIVMU94ewAlFtrNqd5Lj7uaT8ke1swH4A3NVwP7dC0l-V3E9EDZmYNU_lloIrGug=s200-c-k-c0x00ffffff-no-rj",
                    "verified": true,
                    "subs_gained_24hrs": 400,
                    "last_update": "2025-05-28T18:42:44.655Z",
                    "rank": 152
          },
          {
                    "channel_id": "UCunqjMN6EEbXjzU-RvwJrig",
                    "name": "Heroindori",
                    "subscribers": 40513706,
                    "goal": 486294,
                    "pfp": "https://yt3.ggpht.com/CN7iXLBhm2XOFVDPRjEghaU5mf_-DN9gNu4xYOr0eCPol87xPrYpnwLZbwtDcasuVzLFgK0JMg=s200-c-k-c0x00ffffff-no-rj",
                    "verified": true,
                    "subs_gained_24hrs": 100,
                    "last_update": "2025-05-28T18:42:44.932Z",
                    "rank": 153
          },
          {
                    "channel_id": "UCN8S4CqMRy6tVKVXvs7Bzeg",
                    "name": "WowKidz",
                    "subscribers": 40250436,
                    "goal": 749564,
                    "pfp": "https://yt3.ggpht.com/krEBMFPvwl-Fp0TcZh8TH76-z2kHivKvr9ow1IXUvrqOq0l_EjDNDrrVxO-nb2AZeKSWZbgh=s200-c-k-c0x00ffffff-no-rj",
                    "verified": true,
                    "subs_gained_24hrs": 400,
                    "last_update": "2025-05-28T18:42:45.746Z",
                    "rank": 154
          },
          {
                    "channel_id": "UC9TO_oo4c_LrOiKNaY6aysA",
                    "name": "Daddy Yankee",
                    "subscribers": 40111629,
                    "goal": 888371,
                    "pfp": "https://yt3.ggpht.com/8XiZBbAJy1GL71cXuEhpTVGIohWBb9NGJQs3ux3kLIqtl_wRRHeoRdgcBwxds7Vj4eqeIAMtUw=s200-c-k-c0x00ffffff-no-rj",
                    "verified": true,
                    "subs_gained_24hrs": 200,
                    "last_update": "2025-05-28T18:42:45.473Z",
                    "rank": 155
          },
          {
                    "channel_id": "UCAOtE1V7Ots4DjM8JLlrYgg",
                    "name": "Peppa Pig - Official Channel",
                    "subscribers": 40036289,
                    "goal": 963711,
                    "pfp": "https://yt3.ggpht.com/UcqRp_waE3QO_pqqRLSB3GXDHtlC_U-YINOg29qg9I6TJGH43BVACH1aotJ_tVOKq0RPLfCW6cw=s200-c-k-c0x00ffffff-no-rj",
                    "verified": true,
                    "subs_gained_24hrs": 1300,
                    "last_update": "2025-05-28T18:42:46.017Z",
                    "rank": 156
          },
          {
                    "channel_id": "UCWsDFcIhY2DBi3GB5uykGXA",
                    "name": "IShowSpeed",
                    "subscribers": 39729224,
                    "goal": 270776,
                    "pfp": "https://yt3.ggpht.com/ieK0j0sDqI_AHDwYxZ2Wly07-R7PG4S3YMtxOWCEe1QH-I0FgimJ92tlydQa6M78YD0VaywCaw=s200-c-k-c0x00ffffff-no-rj",
                    "verified": true,
                    "subs_gained_24hrs": 800,
                    "last_update": "2025-05-28T18:42:47.101Z",
                    "rank": 157
          },
          {
                    "channel_id": "UCZuPJZ2kGFdlbQu1qotZaHw",
                    "name": "KAROL G",
                    "subscribers": 39645979,
                    "goal": 354021,
                    "pfp": "https://yt3.ggpht.com/7HJ-eHVw5sBCXQWKpAg4-o7PcpOuDYVcpFj9ontfbQU_4F_jCL1xaQeAb9Uv2IFhjk-i_xBQhbc=s200-c-k-c0x00ffffff-no-rj",
                    "verified": true,
                    "subs_gained_24hrs": 500,
                    "last_update": "2025-05-28T18:42:46.564Z",
                    "rank": 158
          },
          {
                    "channel_id": "UCJfNJmcv6LXCDsaa2kB_-7A",
                    "name": "MaviGadget",
                    "subscribers": 39601522,
                    "goal": 398478,
                    "pfp": "https://yt3.ggpht.com/QW-VWhv9Eq89fh5fRKJgAGMpZa5WwgAVoL5KGvKWBVEthaEGDpPDd8ux6cQqkG1aeHbUyV-IiiU=s200-c-k-c0x00ffffff-no-rj",
                    "verified": true,
                    "subs_gained_24hrs": 1700,
                    "last_update": "2025-05-28T18:42:48.472Z",
                    "rank": 159
          },
          {
                    "channel_id": "UCb2HGwORFBo94DmRx4oLzow",
                    "name": "One Direction",
                    "subscribers": 39568817,
                    "goal": 431183,
                    "pfp": "https://yt3.ggpht.com/ytc/AIdro_lBZumWLg8HqCIAD4oHGTIIdD8DTz5eV_DgCXFu6KxNjj28=s200-c-k-c0x00ffffff-no-rj",
                    "verified": true,
                    "subs_gained_24hrs": 100,
                    "last_update": "2025-05-28T18:42:46.292Z",
                    "rank": 160
          },
          {
                    "channel_id": "UCcvNYxWXR_5TjVK7cSCdW-g",
                    "name": "T-Series Apna Punjab",
                    "subscribers": 39470003,
                    "goal": 529997,
                    "pfp": "https://yt3.ggpht.com/_91KycI5b_sm8kezAeR1OpD0LfsZAiFReQ9CtFi6QLPHpkEmDdmzh7H1gBMpYvXQlfBAcbWs1g=s200-c-k-c0x00ffffff-no-rj",
                    "verified": true,
                    "subs_gained_24hrs": 300,
                    "last_update": "2025-05-28T18:42:47.636Z",
                    "rank": 161
          },
          {
                    "channel_id": "UChGJGhZ9SOOHvBB0Y4DOO_w",
                    "name": "Ryan's World",
                    "subscribers": 39438947,
                    "goal": 561053,
                    "pfp": "https://yt3.ggpht.com/ytc/AIdro_mIPCAPZ4k1NbKEYcWQ-TbtucaftdvpIaBZRjzOodYoWGA=s200-c-k-c0x00ffffff-no-rj",
                    "verified": true,
                    "subs_gained_24hrs": 500,
                    "last_update": "2025-05-28T18:42:47.366Z",
                    "rank": 162
          },
          {
                    "channel_id": "UCEKWXRsfUHkan-D_ljU8Asw",
                    "name": "Rajshri",
                    "subscribers": 39377937,
                    "goal": 622063,
                    "pfp": "https://yt3.ggpht.com/UBBW7F1bqPsJtZk2hKj-g7Nr-t0Lt2P6OjBBLgVu_oKumf-N_ZtcVccNJCPh6op9hvVwLvP_=s200-c-k-c0x00ffffff-no-rj",
                    "verified": true,
                    "subs_gained_24hrs": 500,
                    "last_update": "2025-05-28T18:42:47.905Z",
                    "rank": 163
          },
          {
                    "channel_id": "UCm-Qr3k89gtXcuv2jL29XFw",
                    "name": "Marta and Rustam",
                    "subscribers": 39264949,
                    "goal": 735051,
                    "pfp": "https://yt3.ggpht.com/VJ4T4D0wN4RjVazfWHJTiiNePsaYQM2Gour0KUGemMJDcqGZwrZzWtNA-Dl9PPZ6Bkgqzi3CbzE=s200-c-k-c0x00ffffff-no-rj",
                    "verified": true,
                    "subs_gained_24hrs": 1000,
                    "last_update": "2025-05-28T18:42:48.743Z",
                    "rank": 164
          },
          {
                    "channel_id": "UC4DLvb5xZ9OLcVM1KC_R97g",
                    "name": "unknown boy varun",
                    "subscribers": 39164418,
                    "goal": 835582,
                    "pfp": "https://yt3.ggpht.com/M4HA0Qr6JW7TcEgyiIMz2trH2coOs-JhVRKx6gtlkBj2wsLhpkvJBqMkAx7qm97iYr1hkli3=s200-c-k-c0x00ffffff-no-rj",
                    "verified": true,
                    "subs_gained_24hrs": 300,
                    "last_update": "2025-05-28T18:42:48.200Z",
                    "rank": 165
          },
          {
                    "channel_id": "UCKL5hAuzgFQsyrsQKgU0Qng",
                    "name": "GMA Network",
                    "subscribers": 38770400,
                    "goal": 229600,
                    "pfp": "https://yt3.ggpht.com/_gKdhu0S4g453Jq93uHrEWpvyYSr022NPJd7CFZj8V5PKqYRMfH56oXOmU0nQ3hdTNCvfZTDzQ=s200-c-k-c0x00ffffff-no-rj",
                    "verified": true,
                    "subs_gained_24hrs": 600,
                    "last_update": "2025-05-28T18:42:49.015Z",
                    "rank": 166
          }
]