{
    "DesktopAudioDevice1": {
        "prev_ver": 520093698,
        "name": "Desktop Audio",
        "uuid": "a8fc0110-d053-4641-981b-b4ec40217cac",
        "id": "wasapi_output_capture",
        "versioned_id": "wasapi_output_capture",
        "settings": {
            "device_id": "default"
        },
        "mixers": 255,
        "sync": 0,
        "flags": 0,
        "volume": 0.0,
        "balance": 0.5,
        "enabled": true,
        "muted": true,
        "push-to-mute": false,
        "push-to-mute-delay": 0,
        "push-to-talk": false,
        "push-to-talk-delay": 0,
        "hotkeys": {
            "libobs.mute": [],
            "libobs.unmute": [],
            "libobs.push-to-mute": [],
            "libobs.push-to-talk": []
        },
        "deinterlace_mode": 0,
        "deinterlace_field_order": 0,
        "monitoring_type": 0,
        "private_settings": {}
    },
    "AuxAudioDevice1": {
        "prev_ver": 520093698,
        "name": "Mic/Aux",
        "uuid": "15de55ea-8fdd-4a09-adaf-6fb7ec1b33a8",
        "id": "wasapi_input_capture",
        "versioned_id": "wasapi_input_capture",
        "settings": {
            "device_id": "default"
        },
        "mixers": 255,
        "sync": 0,
        "flags": 0,
        "volume": 1.8773522242554463e-5,
        "balance": 0.5,
        "enabled": true,
        "muted": true,
        "push-to-mute": false,
        "push-to-mute-delay": 0,
        "push-to-talk": false,
        "push-to-talk-delay": 0,
        "hotkeys": {
            "libobs.mute": [],
            "libobs.unmute": [],
            "libobs.push-to-mute": [],
            "libobs.push-to-talk": []
        },
        "deinterlace_mode": 0,
        "deinterlace_field_order": 0,
        "monitoring_type": 0,
        "private_settings": {}
    },
    "current_scene": "Scene",
    "current_program_scene": "Scene",
    "scene_order": [
        {
            "name": "Scene"
        },
        {
            "name": "Scene 2"
        },
        {
            "name": "test"
        }
    ],
    "name": "Untitled",
    "groups": [],
    "quick_transitions": [
        {
            "name": "Cut",
            "duration": 300,
            "hotkeys": [],
            "id": 1,
            "fade_to_black": false
        },
        {
            "name": "Fade",
            "duration": 300,
            "hotkeys": [],
            "id": 2,
            "fade_to_black": false
        },
        {
            "name": "Fade",
            "duration": 300,
            "hotkeys": [],
            "id": 3,
            "fade_to_black": true
        },
        {
            "name": "Fade",
            "duration": 300,
            "hotkeys": [],
            "id": 4,
            "fade_to_black": true
        }
    ],
    "transitions": [
        {
            "name": "Luma Wipe",
            "id": "wipe_transition",
            "settings": {}
        },
        {
            "name": "Stinger",
            "id": "obs_stinger_transition",
            "settings": {}
        }
    ],
    "saved_projectors": [],
    "current_transition": "Luma Wipe",
    "transition_duration": 650,
    "preview_locked": false,
    "scaling_enabled": false,
    "scaling_level": 0,
    "scaling_off_x": 0.0,
    "scaling_off_y": 0.0,
    "virtual-camera": {
        "type2": 3
    },
    "modules": {
        "scripts-tool": [],
        "output-timer": {
            "streamTimerHours": 7,
            "streamTimerMinutes": 0,
            "streamTimerSeconds": 30,
            "recordTimerHours": 0,
            "recordTimerMinutes": 0,
            "recordTimerSeconds": 30,
            "autoStartStreamTimer": false,
            "autoStartRecordTimer": false,
            "pauseRecordTimer": true
        },
        "auto-scene-switcher": {
            "interval": 300,
            "non_matching_scene": "",
            "switch_if_not_matching": false,
            "active": false,
            "switches": []
        },
        "captions": {
            "source": "",
            "enabled": false,
            "lang_id": 1033,
            "provider": "mssapi"
        }
    },
    "resolution": {
        "x": 1920,
        "y": 1080
    },
    "version": 2,
    "sources": [
        {
            "prev_ver": 520093698,
            "name": "battle.html",
            "uuid": "07e203d1-6dad-4e40-9d56-56f3252f295b",
            "id": "browser_source",
            "versioned_id": "browser_source",
            "settings": {
                "undo_uuid": "07e203d1-6dad-4e40-9d56-56f3252f295b",
                "is_local_file": true,
                "local_file": "C:/Users/seleu/OneDrive/Desktop/top50html/battle.html",
                "url": "file:///C:/Users/seleu/Downloads/top50/tiktok%20top%2050/battle.html",
                "width": 1400,
                "height": 750,
                "fps_custom": true
            },
            "mixers": 255,
            "sync": 0,
            "flags": 2,
            "volume": 1.0,
            "balance": 0.5,
            "enabled": true,
            "muted": false,
            "push-to-mute": false,
            "push-to-mute-delay": 0,
            "push-to-talk": false,
            "push-to-talk-delay": 0,
            "hotkeys": {
                "libobs.mute": [],
                "libobs.unmute": [],
                "libobs.push-to-mute": [],
                "libobs.push-to-talk": [],
                "ObsBrowser.Refresh": []
            },
            "deinterlace_mode": 0,
            "deinterlace_field_order": 0,
            "monitoring_type": 2,
            "private_settings": {},
            "filters": [
                {
                    "prev_ver": 520093698,
                    "name": "HDR Tone Mapping (Override)",
                    "uuid": "0e2d7b82-867d-4d08-94b7-96e75321d07c",
                    "id": "hdr_tonemap_filter",
                    "versioned_id": "hdr_tonemap_filter",
                    "settings": {
                        "transform": 1
                    },
                    "mixers": 0,
                    "sync": 0,
                    "flags": 0,
                    "volume": 1.0,
                    "balance": 0.5,
                    "enabled": false,
                    "muted": false,
                    "push-to-mute": false,
                    "push-to-mute-delay": 0,
                    "push-to-talk": false,
                    "push-to-talk-delay": 0,
                    "hotkeys": {},
                    "deinterlace_mode": 0,
                    "deinterlace_field_order": 0,
                    "monitoring_type": 0,
                    "private_settings": {}
                },
                {
                    "prev_ver": 520093698,
                    "name": "Scroll",
                    "uuid": "bd197a86-ce63-4737-a39b-fcbdc58098a0",
                    "id": "scroll_filter",
                    "versioned_id": "scroll_filter",
                    "settings": {
                        "speed_y": 19.0
                    },
                    "mixers": 0,
                    "sync": 0,
                    "flags": 0,
                    "volume": 1.0,
                    "balance": 0.5,
                    "enabled": false,
                    "muted": false,
                    "push-to-mute": false,
                    "push-to-mute-delay": 0,
                    "push-to-talk": false,
                    "push-to-talk-delay": 0,
                    "hotkeys": {},
                    "deinterlace_mode": 0,
                    "deinterlace_field_order": 0,
                    "monitoring_type": 0,
                    "private_settings": {}
                }
            ]
        },
        {
            "prev_ver": 520093698,
            "name": "Browser",
            "uuid": "8305a37d-f046-47d4-b34e-ccc9bc11a227",
            "id": "browser_source",
            "versioned_id": "browser_source",
            "settings": {
                "url": "http://statzy.sharkbright.ct.ws/top50public.html",
                "width": 2000,
                "height": 2000
            },
            "mixers": 255,
            "sync": 0,
            "flags": 0,
            "volume": 1.0,
            "balance": 0.5,
            "enabled": true,
            "muted": false,
            "push-to-mute": false,
            "push-to-mute-delay": 0,
            "push-to-talk": false,
            "push-to-talk-delay": 0,
            "hotkeys": {
                "libobs.mute": [],
                "libobs.unmute": [],
                "libobs.push-to-mute": [],
                "libobs.push-to-talk": [],
                "ObsBrowser.Refresh": []
            },
            "deinterlace_mode": 0,
            "deinterlace_field_order": 0,
            "monitoring_type": 0,
            "private_settings": {}
        },
        {
            "prev_ver": 520093698,
            "name": "Color Source",
            "uuid": "45bf2d92-3ca1-4311-9032-08da14839b32",
            "id": "color_source",
            "versioned_id": "color_source_v3",
            "settings": {
                "undo_suuid": "45bf2d92-3ca1-4311-9032-08da14839b32",
                "undo_uuid": "45bf2d92-3ca1-4311-9032-08da14839b32",
                "color": 4286513237
            },
            "mixers": 0,
            "sync": 0,
            "flags": 0,
            "volume": 1.0,
            "balance": 0.5,
            "enabled": true,
            "muted": false,
            "push-to-mute": false,
            "push-to-mute-delay": 0,
            "push-to-talk": false,
            "push-to-talk-delay": 0,
            "hotkeys": {},
            "deinterlace_mode": 0,
            "deinterlace_field_order": 0,
            "monitoring_type": 0,
            "private_settings": {},
            "filters": [
                {
                    "prev_ver": 520093698,
                    "name": "Scroll",
                    "uuid": "5083818d-986f-47ff-8c05-ec4572d39a95",
                    "id": "scroll_filter",
                    "versioned_id": "scroll_filter",
                    "settings": {
                        "speed_y": 51.0
                    },
                    "mixers": 0,
                    "sync": 0,
                    "flags": 0,
                    "volume": 1.0,
                    "balance": 0.5,
                    "enabled": true,
                    "muted": false,
                    "push-to-mute": false,
                    "push-to-mute-delay": 0,
                    "push-to-talk": false,
                    "push-to-talk-delay": 0,
                    "hotkeys": {},
                    "deinterlace_mode": 0,
                    "deinterlace_field_order": 0,
                    "monitoring_type": 0,
                    "private_settings": {}
                },
                {
                    "prev_ver": 520093698,
                    "name": "Color Key",
                    "uuid": "1cc53ea2-10d8-477a-900c-2e2e27a9e0a5",
                    "id": "color_key_filter",
                    "versioned_id": "color_key_filter_v2",
                    "settings": {
                        "opacity": 0.999,
                        "contrast": -1.3,
                        "brightness": -0.2303,
                        "gamma": -0.37,
                        "similarity": 1
                    },
                    "mixers": 0,
                    "sync": 0,
                    "flags": 0,
                    "volume": 1.0,
                    "balance": 0.5,
                    "enabled": false,
                    "muted": false,
                    "push-to-mute": false,
                    "push-to-mute-delay": 0,
                    "push-to-talk": false,
                    "push-to-talk-delay": 0,
                    "hotkeys": {},
                    "deinterlace_mode": 0,
                    "deinterlace_field_order": 0,
                    "monitoring_type": 0,
                    "private_settings": {}
                },
                {
                    "prev_ver": 520093698,
                    "name": "Image Mask/Blend",
                    "uuid": "8560dd4c-b820-4e2c-8339-8672658fda93",
                    "id": "mask_filter",
                    "versioned_id": "mask_filter_v2",
                    "settings": {
                        "stretch": true,
                        "image_path": "C:/Users/seleu/Downloads/top50/tiktok top 50/rainbow_fire.gif",
                        "type": "blend_mul_filter.effect",
                        "color": 4294901930,
                        "opacity": 1.0
                    },
                    "mixers": 0,
                    "sync": 0,
                    "flags": 0,
                    "volume": 1.0,
                    "balance": 0.5,
                    "enabled": false,
                    "muted": false,
                    "push-to-mute": false,
                    "push-to-mute-delay": 0,
                    "push-to-talk": false,
                    "push-to-talk-delay": 0,
                    "hotkeys": {},
                    "deinterlace_mode": 0,
                    "deinterlace_field_order": 0,
                    "monitoring_type": 0,
                    "private_settings": {}
                },
                {
                    "prev_ver": 520093698,
                    "name": "HDR Tone Mapping (Override)",
                    "uuid": "dce81320-c378-4baf-b282-77b62b77f199",
                    "id": "hdr_tonemap_filter",
                    "versioned_id": "hdr_tonemap_filter",
                    "settings": {
                        "transform": 1
                    },
                    "mixers": 0,
                    "sync": 0,
                    "flags": 0,
                    "volume": 1.0,
                    "balance": 0.5,
                    "enabled": true,
                    "muted": false,
                    "push-to-mute": false,
                    "push-to-mute-delay": 0,
                    "push-to-talk": false,
                    "push-to-talk-delay": 0,
                    "hotkeys": {},
                    "deinterlace_mode": 0,
                    "deinterlace_field_order": 0,
                    "monitoring_type": 0,
                    "private_settings": {}
                },
                {
                    "prev_ver": 520093698,
                    "name": "Color Key 2",
                    "uuid": "a6f7fb7a-e871-4a9d-b7e9-bf6651311098",
                    "id": "color_key_filter",
                    "versioned_id": "color_key_filter_v2",
                    "settings": {
                        "opacity": 1.0,
                        "brightness": 0.015800000000000002,
                        "gamma": -0.040000000000000001,
                        "similarity": 710
                    },
                    "mixers": 0,
                    "sync": 0,
                    "flags": 0,
                    "volume": 1.0,
                    "balance": 0.5,
                    "enabled": true,
                    "muted": false,
                    "push-to-mute": false,
                    "push-to-mute-delay": 0,
                    "push-to-talk": false,
                    "push-to-talk-delay": 0,
                    "hotkeys": {},
                    "deinterlace_mode": 0,
                    "deinterlace_field_order": 0,
                    "monitoring_type": 0,
                    "private_settings": {}
                }
            ]
        },
        {
            "prev_ver": 520093698,
            "name": "estimation",
            "uuid": "701ec3a7-9c76-45b8-a936-8644b8b04292",
            "id": "browser_source",
            "versioned_id": "browser_source",
            "settings": {
                "is_local_file": true,
                "local_file": "C:/Users/seleu/OneDrive/Desktop/top50html/estimate.html",
                "url": "file:///C:/Users/seleu/Downloads/top50/tiktok%20top%2050/estimate.html",
                "width": 3000
            },
            "mixers": 255,
            "sync": 0,
            "flags": 0,
            "volume": 1.0,
            "balance": 0.5,
            "enabled": true,
            "muted": false,
            "push-to-mute": false,
            "push-to-mute-delay": 0,
            "push-to-talk": false,
            "push-to-talk-delay": 0,
            "hotkeys": {
                "libobs.mute": [],
                "libobs.unmute": [],
                "libobs.push-to-mute": [],
                "libobs.push-to-talk": [],
                "ObsBrowser.Refresh": []
            },
            "deinterlace_mode": 0,
            "deinterlace_field_order": 0,
            "monitoring_type": 0,
            "private_settings": {}
        },
        {
            "prev_ver": 520093698,
            "name": "Image",
            "uuid": "fa6d4a33-36b5-446e-8500-3aa311a84719",
            "id": "image_source",
            "versioned_id": "image_source",
            "settings": {
                "file": "C:/Users/seleu/OneDrive/Desktop/top50html/SB.png"
            },
            "mixers": 0,
            "sync": 0,
            "flags": 0,
            "volume": 1.0,
            "balance": 0.5,
            "enabled": true,
            "muted": false,
            "push-to-mute": false,
            "push-to-mute-delay": 0,
            "push-to-talk": false,
            "push-to-talk-delay": 0,
            "hotkeys": {},
            "deinterlace_mode": 0,
            "deinterlace_field_order": 0,
            "monitoring_type": 0,
            "private_settings": {}
        },
        {
            "prev_ver": 520093698,
            "name": "index.html",
            "uuid": "644e7dc8-14f7-4620-a9fa-9361ec208db1",
            "id": "browser_source",
            "versioned_id": "browser_source",
            "settings": {
                "is_local_file": true,
                "local_file": "C:/Users/seleu/OneDrive/Desktop/top50html/index.html",
                "url": "file:///C:/Users/seleu/Downloads/top50/tiktok%20top%2050/index.html",
                "width": 2000,
                "height": 1500,
                "fps": 60,
                "fps_custom": false
            },
            "mixers": 255,
            "sync": -4000000,
            "flags": 0,
            "volume": 1.0,
            "balance": 0.5,
            "enabled": true,
            "muted": false,
            "push-to-mute": false,
            "push-to-mute-delay": 0,
            "push-to-talk": false,
            "push-to-talk-delay": 0,
            "hotkeys": {
                "libobs.mute": [],
                "libobs.unmute": [],
                "libobs.push-to-mute": [],
                "libobs.push-to-talk": [],
                "ObsBrowser.Refresh": []
            },
            "deinterlace_mode": 0,
            "deinterlace_field_order": 0,
            "monitoring_type": 0,
            "private_settings": {}
        },
        {
            "prev_ver": 520093698,
            "name": "Media Source",
            "uuid": "02d1fd34-0ca4-4408-8d4b-962524fb02b3",
            "id": "ffmpeg_source",
            "versioned_id": "ffmpeg_source",
            "settings": {
                "local_file": "C:/Users/seleu/OneDrive/Desktop/top50html/ncs.mp3",
                "looping": true
            },
            "mixers": 255,
            "sync": 0,
            "flags": 0,
            "volume": 0.5684049129486084,
            "balance": 0.5,
            "enabled": true,
            "muted": false,
            "push-to-mute": false,
            "push-to-mute-delay": 0,
            "push-to-talk": false,
            "push-to-talk-delay": 0,
            "hotkeys": {
                "libobs.mute": [],
                "libobs.unmute": [],
                "libobs.push-to-mute": [],
                "libobs.push-to-talk": [],
                "MediaSource.Restart": [],
                "MediaSource.Play": [],
                "MediaSource.Pause": [],
                "MediaSource.Stop": []
            },
            "deinterlace_mode": 0,
            "deinterlace_field_order": 0,
            "monitoring_type": 0,
            "private_settings": {}
        },
        {
            "prev_ver": 520093698,
            "name": "Scene",
            "uuid": "7a5bd83a-3500-4ff2-84c7-bd12e41f62a0",
            "id": "scene",
            "versioned_id": "scene",
            "settings": {
                "id_counter": 32,
                "custom_size": false,
                "items": [
                    {
                        "name": "Color Source",
                        "source_uuid": "45bf2d92-3ca1-4311-9032-08da14839b32",
                        "visible": true,
                        "locked": false,
                        "rot": 0.0,
                        "scale_ref": {
                            "x": 1280.0,
                            "y": 720.0
                        },
                        "align": 5,
                        "bounds_type": 0,
                        "bounds_align": 0,
                        "bounds_crop": false,
                        "crop_left": 0,
                        "crop_top": 0,
                        "crop_right": 0,
                        "crop_bottom": 0,
                        "id": 24,
                        "group_item_backup": false,
                        "pos": {
                            "x": 0.0,
                            "y": 0.0
                        },
                        "pos_rel": {
                            "x": -1.7777777910232544,
                            "y": -1.0
                        },
                        "scale": {
                            "x": 1.0,
                            "y": 1.0
                        },
                        "scale_rel": {
                            "x": 0.66666668653488159,
                            "y": 0.66666668653488159
                        },
                        "bounds": {
                            "x": 0.0,
                            "y": 0.0
                        },
                        "bounds_rel": {
                            "x": 0.0,
                            "y": 0.0
                        },
                        "scale_filter": "disable",
                        "blend_method": "default",
                        "blend_type": "normal",
                        "show_transition": {
                            "duration": 0
                        },
                        "hide_transition": {
                            "duration": 0
                        },
                        "private_settings": {}
                    },
                    {
                        "name": "index.html",
                        "source_uuid": "644e7dc8-14f7-4620-a9fa-9361ec208db1",
                        "visible": true,
                        "locked": false,
                        "rot": 0.0,
                        "scale_ref": {
                            "x": 1280.0,
                            "y": 720.0
                        },
                        "align": 5,
                        "bounds_type": 1,
                        "bounds_align": 0,
                        "bounds_crop": false,
                        "crop_left": 0,
                        "crop_top": 46,
                        "crop_right": 44,
                        "crop_bottom": 494,
                        "id": 25,
                        "group_item_backup": false,
                        "pos": {
                            "x": -7.0,
                            "y": 106.0
                        },
                        "pos_rel": {
                            "x": -1.7907407283782959,
                            "y": -0.80370372533798218
                        },
                        "scale": {
                            "x": 1.5,
                            "y": 1.5
                        },
                        "scale_rel": {
                            "x": 1.0,
                            "y": 1.0
                        },
                        "bounds": {
                            "x": 1934.0,
                            "y": 943.5
                        },
                        "bounds_rel": {
                            "x": 3.5814814567565918,
                            "y": 1.7472221851348877
                        },
                        "scale_filter": "disable",
                        "blend_method": "default",
                        "blend_type": "normal",
                        "show_transition": {
                            "duration": 0
                        },
                        "hide_transition": {
                            "duration": 0
                        },
                        "private_settings": {
                            "color": "#55ffffff",
                            "color-preset": 1
                        }
                    },
                    {
                        "name": "battle.html",
                        "source_uuid": "07e203d1-6dad-4e40-9d56-56f3252f295b",
                        "visible": true,
                        "locked": false,
                        "rot": 0.0,
                        "scale_ref": {
                            "x": 1280.0,
                            "y": 720.0
                        },
                        "align": 5,
                        "bounds_type": 0,
                        "bounds_align": 0,
                        "bounds_crop": false,
                        "crop_left": 309,
                        "crop_top": 108,
                        "crop_right": 304,
                        "crop_bottom": 526,
                        "id": 26,
                        "group_item_backup": false,
                        "pos": {
                            "x": 13.5,
                            "y": -1.0
                        },
                        "pos_rel": {
                            "x": -1.7527778148651123,
                            "y": -1.0018517971038818
                        },
                        "scale": {
                            "x": 1.1479166746139526,
                            "y": 1.1458334922790527
                        },
                        "scale_rel": {
                            "x": 0.76527780294418335,
                            "y": 0.76388901472091675
                        },
                        "bounds": {
                            "x": 0.0,
                            "y": 0.0
                        },
                        "bounds_rel": {
                            "x": 0.0,
                            "y": 0.0
                        },
                        "scale_filter": "disable",
                        "blend_method": "default",
                        "blend_type": "normal",
                        "show_transition": {
                            "duration": 0
                        },
                        "hide_transition": {
                            "duration": 0
                        },
                        "private_settings": {
                            "color": "#55ff00ff",
                            "color-preset": 1
                        }
                    },
                    {
                        "name": "estimation",
                        "source_uuid": "701ec3a7-9c76-45b8-a936-8644b8b04292",
                        "visible": true,
                        "locked": false,
                        "rot": 0.0,
                        "scale_ref": {
                            "x": 1280.0,
                            "y": 720.0
                        },
                        "align": 5,
                        "bounds_type": 0,
                        "bounds_align": 0,
                        "bounds_crop": false,
                        "crop_left": 0,
                        "crop_top": 27,
                        "crop_right": 2394,
                        "crop_bottom": 530,
                        "id": 27,
                        "group_item_backup": false,
                        "pos": {
                            "x": 853.0,
                            "y": 58.0
                        },
                        "pos_rel": {
                            "x": -0.19814814627170563,
                            "y": -0.89259260892868042
                        },
                        "scale": {
                            "x": 1.7083332538604736,
                            "y": 1.7083332538604736
                        },
                        "scale_rel": {
                            "x": 1.1388888359069824,
                            "y": 1.1388888359069824
                        },
                        "bounds": {
                            "x": 0.0,
                            "y": 0.0
                        },
                        "bounds_rel": {
                            "x": 0.0,
                            "y": 0.0
                        },
                        "scale_filter": "disable",
                        "blend_method": "default",
                        "blend_type": "normal",
                        "show_transition": {
                            "duration": 0
                        },
                        "hide_transition": {
                            "duration": 0
                        },
                        "private_settings": {
                            "color": "#555555ff",
                            "color-preset": 1
                        }
                    },
                    {
                        "name": "Media Source",
                        "source_uuid": "02d1fd34-0ca4-4408-8d4b-962524fb02b3",
                        "visible": true,
                        "locked": false,
                        "rot": 0.0,
                        "scale_ref": {
                            "x": 1280.0,
                            "y": 720.0
                        },
                        "align": 5,
                        "bounds_type": 0,
                        "bounds_align": 0,
                        "bounds_crop": false,
                        "crop_left": 0,
                        "crop_top": 0,
                        "crop_right": 0,
                        "crop_bottom": 0,
                        "id": 29,
                        "group_item_backup": false,
                        "pos": {
                            "x": 0.0,
                            "y": 0.0
                        },
                        "pos_rel": {
                            "x": -1.7777777910232544,
                            "y": -1.0
                        },
                        "scale": {
                            "x": 1.5,
                            "y": 1.5
                        },
                        "scale_rel": {
                            "x": 1.0,
                            "y": 1.0
                        },
                        "bounds": {
                            "x": 0.0,
                            "y": 0.0
                        },
                        "bounds_rel": {
                            "x": 0.0,
                            "y": 0.0
                        },
                        "scale_filter": "disable",
                        "blend_method": "default",
                        "blend_type": "normal",
                        "show_transition": {
                            "duration": 0
                        },
                        "hide_transition": {
                            "duration": 0
                        },
                        "private_settings": {}
                    },
                    {
                        "name": "stats",
                        "source_uuid": "84e0d8a4-c7e8-407e-b667-0903b951bbbe",
                        "visible": true,
                        "locked": false,
                        "rot": 0.0,
                        "scale_ref": {
                            "x": 1920.0,
                            "y": 1080.0
                        },
                        "align": 5,
                        "bounds_type": 0,
                        "bounds_align": 0,
                        "bounds_crop": false,
                        "crop_left": 159,
                        "crop_top": 284,
                        "crop_right": 155,
                        "crop_bottom": 283,
                        "id": 30,
                        "group_item_backup": false,
                        "pos": {
                            "x": 911.0,
                            "y": 13.0
                        },
                        "pos_rel": {
                            "x": -0.090740740299224854,
                            "y": -0.97592592239379883
                        },
                        "scale": {
                            "x": 2.0781893730163574,
                            "y": 2.0909090042114258
                        },
                        "scale_rel": {
                            "x": 2.0781893730163574,
                            "y": 2.0909090042114258
                        },
                        "bounds": {
                            "x": 0.0,
                            "y": 0.0
                        },
                        "bounds_rel": {
                            "x": 0.0,
                            "y": 0.0
                        },
                        "scale_filter": "disable",
                        "blend_method": "default",
                        "blend_type": "normal",
                        "show_transition": {
                            "duration": 0
                        },
                        "hide_transition": {
                            "duration": 0
                        },
                        "private_settings": {}
                    }
                ]
            },
            "mixers": 0,
            "sync": 0,
            "flags": 0,
            "volume": 1.0,
            "balance": 0.5,
            "enabled": true,
            "muted": false,
            "push-to-mute": false,
            "push-to-mute-delay": 0,
            "push-to-talk": false,
            "push-to-talk-delay": 0,
            "hotkeys": {
                "OBSBasic.SelectScene": [],
                "libobs.show_scene_item.24": [],
                "libobs.hide_scene_item.24": [],
                "libobs.show_scene_item.25": [],
                "libobs.hide_scene_item.25": [],
                "libobs.show_scene_item.26": [],
                "libobs.hide_scene_item.26": [],
                "libobs.show_scene_item.27": [],
                "libobs.hide_scene_item.27": [],
                "libobs.show_scene_item.29": [],
                "libobs.hide_scene_item.29": [],
                "libobs.show_scene_item.30": [],
                "libobs.hide_scene_item.30": []
            },
            "deinterlace_mode": 0,
            "deinterlace_field_order": 0,
            "monitoring_type": 0,
            "private_settings": {}
        },
        {
            "prev_ver": 520093698,
            "name": "Scene 2",
            "uuid": "3c0ecb1d-498a-4d33-a8d0-f05ce58e491b",
            "id": "scene",
            "versioned_id": "scene",
            "settings": {
                "id_counter": 5,
                "custom_size": false,
                "items": [
                    {
                        "name": "Color Source",
                        "source_uuid": "45bf2d92-3ca1-4311-9032-08da14839b32",
                        "visible": true,
                        "locked": false,
                        "rot": 0.0,
                        "scale_ref": {
                            "x": 1280.0,
                            "y": 720.0
                        },
                        "align": 5,
                        "bounds_type": 0,
                        "bounds_align": 0,
                        "bounds_crop": false,
                        "crop_left": 0,
                        "crop_top": 0,
                        "crop_right": 0,
                        "crop_bottom": 0,
                        "id": 3,
                        "group_item_backup": false,
                        "pos": {
                            "x": 0.0,
                            "y": 0.0
                        },
                        "pos_rel": {
                            "x": -1.7777777910232544,
                            "y": -0.99999994039535522
                        },
                        "scale": {
                            "x": 1.0,
                            "y": 1.0
                        },
                        "scale_rel": {
                            "x": 0.66666668653488159,
                            "y": 0.66666668653488159
                        },
                        "bounds": {
                            "x": 0.0,
                            "y": 0.0
                        },
                        "bounds_rel": {
                            "x": 0.0,
                            "y": 0.0
                        },
                        "scale_filter": "disable",
                        "blend_method": "default",
                        "blend_type": "normal",
                        "show_transition": {
                            "duration": 0
                        },
                        "hide_transition": {
                            "duration": 0
                        },
                        "private_settings": {}
                    },
                    {
                        "name": "Image",
                        "source_uuid": "fa6d4a33-36b5-446e-8500-3aa311a84719",
                        "visible": true,
                        "locked": false,
                        "rot": 0.0,
                        "scale_ref": {
                            "x": 1280.0,
                            "y": 720.0
                        },
                        "align": 5,
                        "bounds_type": 0,
                        "bounds_align": 0,
                        "bounds_crop": false,
                        "crop_left": 0,
                        "crop_top": 0,
                        "crop_right": 0,
                        "crop_bottom": 0,
                        "id": 1,
                        "group_item_backup": false,
                        "pos": {
                            "x": 355.5,
                            "y": 315.0
                        },
                        "pos_rel": {
                            "x": -1.1194444894790649,
                            "y": -0.41666668653488159
                        },
                        "scale": {
                            "x": 0.24937501549720764,
                            "y": 0.24937501549720764
                        },
                        "scale_rel": {
                            "x": 0.16625000536441803,
                            "y": 0.16625000536441803
                        },
                        "bounds": {
                            "x": 0.0,
                            "y": 0.0
                        },
                        "bounds_rel": {
                            "x": 0.0,
                            "y": 0.0
                        },
                        "scale_filter": "disable",
                        "blend_method": "default",
                        "blend_type": "normal",
                        "show_transition": {
                            "duration": 0
                        },
                        "hide_transition": {
                            "duration": 0
                        },
                        "private_settings": {}
                    },
                    {
                        "name": "Text (GDI+)",
                        "source_uuid": "b7e8b7af-0f54-47c6-97d1-eb4c00e255cc",
                        "visible": true,
                        "locked": false,
                        "rot": 0.0,
                        "scale_ref": {
                            "x": 1280.0,
                            "y": 720.0
                        },
                        "align": 5,
                        "bounds_type": 0,
                        "bounds_align": 0,
                        "bounds_crop": false,
                        "crop_left": 0,
                        "crop_top": 0,
                        "crop_right": 0,
                        "crop_bottom": 0,
                        "id": 2,
                        "group_item_backup": false,
                        "pos": {
                            "x": 646.5,
                            "y": 349.5
                        },
                        "pos_rel": {
                            "x": -0.58055555820465088,
                            "y": -0.35277777910232544
                        },
                        "scale": {
                            "x": 0.43016758561134338,
                            "y": 0.43181818723678589
                        },
                        "scale_rel": {
                            "x": 0.28677839040756226,
                            "y": 0.28787878155708313
                        },
                        "bounds": {
                            "x": 0.0,
                            "y": 0.0
                        },
                        "bounds_rel": {
                            "x": 0.0,
                            "y": 0.0
                        },
                        "scale_filter": "disable",
                        "blend_method": "default",
                        "blend_type": "normal",
                        "show_transition": {
                            "duration": 0
                        },
                        "hide_transition": {
                            "duration": 0
                        },
                        "private_settings": {}
                    },
                    {
                        "name": "Text (GDI+) 2",
                        "source_uuid": "07b86f58-8001-479f-b9e9-f82fad459a87",
                        "visible": true,
                        "locked": false,
                        "rot": 0.0,
                        "scale_ref": {
                            "x": 1280.0,
                            "y": 720.0
                        },
                        "align": 5,
                        "bounds_type": 0,
                        "bounds_align": 0,
                        "bounds_crop": false,
                        "crop_left": 0,
                        "crop_top": 0,
                        "crop_right": 0,
                        "crop_bottom": 0,
                        "id": 4,
                        "group_item_backup": false,
                        "pos": {
                            "x": 117.0,
                            "y": 601.5
                        },
                        "pos_rel": {
                            "x": -1.5611110925674438,
                            "y": 0.11388885974884033
                        },
                        "scale": {
                            "x": 0.42495104670524597,
                            "y": 0.42613637447357178
                        },
                        "scale_rel": {
                            "x": 0.28330069780349731,
                            "y": 0.28409090638160706
                        },
                        "bounds": {
                            "x": 0.0,
                            "y": 0.0
                        },
                        "bounds_rel": {
                            "x": 0.0,
                            "y": 0.0
                        },
                        "scale_filter": "disable",
                        "blend_method": "default",
                        "blend_type": "normal",
                        "show_transition": {
                            "duration": 0
                        },
                        "hide_transition": {
                            "duration": 0
                        },
                        "private_settings": {}
                    }
                ]
            },
            "mixers": 0,
            "sync": 0,
            "flags": 0,
            "volume": 1.0,
            "balance": 0.5,
            "enabled": true,
            "muted": false,
            "push-to-mute": false,
            "push-to-mute-delay": 0,
            "push-to-talk": false,
            "push-to-talk-delay": 0,
            "hotkeys": {
                "OBSBasic.SelectScene": [],
                "libobs.show_scene_item.3": [],
                "libobs.hide_scene_item.3": [],
                "libobs.show_scene_item.1": [],
                "libobs.hide_scene_item.1": [],
                "libobs.show_scene_item.2": [],
                "libobs.hide_scene_item.2": [],
                "libobs.show_scene_item.4": [],
                "libobs.hide_scene_item.4": []
            },
            "deinterlace_mode": 0,
            "deinterlace_field_order": 0,
            "monitoring_type": 0,
            "private_settings": {}
        },
        {
            "prev_ver": 520093698,
            "name": "stats",
            "uuid": "84e0d8a4-c7e8-407e-b667-0903b951bbbe",
            "id": "browser_source",
            "versioned_id": "browser_source",
            "settings": {
                "is_local_file": true,
                "local_file": "C:/Users/seleu/OneDrive/Desktop/top50html/stats.html",
                "url": "file:///C:/Users/seleu/Downloads/top50/tiktok%20top%2050/stats.html"
            },
            "mixers": 255,
            "sync": 0,
            "flags": 0,
            "volume": 1.0,
            "balance": 0.5,
            "enabled": true,
            "muted": false,
            "push-to-mute": false,
            "push-to-mute-delay": 0,
            "push-to-talk": false,
            "push-to-talk-delay": 0,
            "hotkeys": {
                "libobs.mute": [],
                "libobs.unmute": [],
                "libobs.push-to-mute": [],
                "libobs.push-to-talk": [],
                "ObsBrowser.Refresh": []
            },
            "deinterlace_mode": 0,
            "deinterlace_field_order": 0,
            "monitoring_type": 0,
            "private_settings": {}
        },
        {
            "prev_ver": 520093698,
            "name": "test",
            "uuid": "8d34f6b7-6f33-41bf-8234-99a802ce933e",
            "id": "scene",
            "versioned_id": "scene",
            "settings": {
                "id_counter": 1,
                "custom_size": false,
                "items": [
                    {
                        "name": "Browser",
                        "source_uuid": "8305a37d-f046-47d4-b34e-ccc9bc11a227",
                        "visible": true,
                        "locked": false,
                        "rot": 0.0,
                        "scale_ref": {
                            "x": 1280.0,
                            "y": 720.0
                        },
                        "align": 5,
                        "bounds_type": 0,
                        "bounds_align": 0,
                        "bounds_crop": false,
                        "crop_left": 276,
                        "crop_top": 0,
                        "crop_right": 238,
                        "crop_bottom": 947,
                        "id": 1,
                        "group_item_backup": false,
                        "pos": {
                            "x": 366.0,
                            "y": 73.5
                        },
                        "pos_rel": {
                            "x": -1.1000000238418579,
                            "y": -0.86388885974884033
                        },
                        "scale": {
                            "x": 0.86608338356018066,
                            "y": 0.8660968542098999
                        },
                        "scale_rel": {
                            "x": 0.5773889422416687,
                            "y": 0.57739788293838501
                        },
                        "bounds": {
                            "x": 0.0,
                            "y": 0.0
                        },
                        "bounds_rel": {
                            "x": 0.0,
                            "y": 0.0
                        },
                        "scale_filter": "disable",
                        "blend_method": "default",
                        "blend_type": "normal",
                        "show_transition": {
                            "duration": 0
                        },
                        "hide_transition": {
                            "duration": 0
                        },
                        "private_settings": {}
                    }
                ]
            },
            "mixers": 0,
            "sync": 0,
            "flags": 0,
            "volume": 1.0,
            "balance": 0.5,
            "enabled": true,
            "muted": false,
            "push-to-mute": false,
            "push-to-mute-delay": 0,
            "push-to-talk": false,
            "push-to-talk-delay": 0,
            "hotkeys": {
                "OBSBasic.SelectScene": [],
                "libobs.show_scene_item.1": [],
                "libobs.hide_scene_item.1": []
            },
            "deinterlace_mode": 0,
            "deinterlace_field_order": 0,
            "monitoring_type": 0,
            "private_settings": {}
        },
        {
            "prev_ver": 520093698,
            "name": "Text (GDI+)",
            "uuid": "b7e8b7af-0f54-47c6-97d1-eb4c00e255cc",
            "id": "text_gdiplus",
            "versioned_id": "text_gdiplus_v3",
            "settings": {
                "text": "SharkBright Services",
                "font": {
                    "face": "Arial",
                    "style": "Regular",
                    "size": 256,
                    "flags": 0
                }
            },
            "mixers": 0,
            "sync": 0,
            "flags": 0,
            "volume": 1.0,
            "balance": 0.5,
            "enabled": true,
            "muted": false,
            "push-to-mute": false,
            "push-to-mute-delay": 0,
            "push-to-talk": false,
            "push-to-talk-delay": 0,
            "hotkeys": {},
            "deinterlace_mode": 0,
            "deinterlace_field_order": 0,
            "monitoring_type": 0,
            "private_settings": {}
        },
        {
            "prev_ver": 520093698,
            "name": "Text (GDI+) 2",
            "uuid": "07b86f58-8001-479f-b9e9-f82fad459a87",
            "id": "text_gdiplus",
            "versioned_id": "text_gdiplus_v3",
            "settings": {
                "text": "The Servers Are Loading Please Wait...."
            },
            "mixers": 0,
            "sync": 0,
            "flags": 0,
            "volume": 1.0,
            "balance": 0.5,
            "enabled": true,
            "muted": false,
            "push-to-mute": false,
            "push-to-mute-delay": 0,
            "push-to-talk": false,
            "push-to-talk-delay": 0,
            "hotkeys": {},
            "deinterlace_mode": 0,
            "deinterlace_field_order": 0,
            "monitoring_type": 0,
            "private_settings": {}
        }
    ]
}