[
    {
        "channel_id": "UCX6OQ3DkcsbYNE6H8uQQuVA",
        "name": "MrBeast",
        "subscribers": 387229893,
        "pfp": "https://www.banner.yt/UCX6OQ3DkcsbYNE6H8uQQuVA/avatar",
        "subs_per_sec": 373413,
        "subs_per_min": "3480.00",
        "subs_gained_24hrs": -38335755707,
        "last_update": "2025-04-24T16:03:42.945Z",
        "rank": 1
    },
    {
        "channel_id": "UCq-Fj5jknLsUf-MWSy4_brA",
        "name": "T-Series",
        "subscribers": 292340962,
        "pfp": "https://yt3.ggpht.com/VunTf0NzCeboiPjbesBdnQuxaF3Lja7UGRbBGQAWRJgMSTj9TTLO3pS1X9qPOJGCNnmPrXeY=s200-c-k-c0x00ffffff-no-rj",
        "subs_per_sec": 591783,
        "subs_per_min": "3480.00",
        "subs_gained_24hrs": -28941752338,
        "last_update": "2025-04-24T16:03:43.138Z",
        "rank": 2
    },
    {
        "channel_id": "UCbCmjCuTUZos6Inko4u57UQ",
        "name": "Cocomelon - Nursery Rhymes",
        "subscribers": 192521408,
        "pfp": "https://yt3.ggpht.com/ytc/AIdro_lPfVIUJedPeT8Sa0sR1OoH3ehJFJC16RcyvFgvduFPp_k=s200-c-k-c0x00ffffff-no-rj",
        "subs_per_sec": 178591,
        "subs_per_min": "3480.00",
        "subs_gained_24hrs": -19059618092,
        "last_update": "2025-04-24T16:03:43.333Z",
        "rank": 3
    },
    {
        "channel_id": "UCpEhnqL0y41EpW2TvWAHD7Q",
        "name": "SET India",
        "subscribers": 183541559,
        "pfp": "https://yt3.ggpht.com/vmmZsYmryt238vqck4KAYf69gOSu22ZfqVE3rwT1tYz4hr68xl7crIUK7kghQgR6RiB9IlQ5mQ=s200-c-k-c0x00ffffff-no-rj",
        "subs_per_sec": 926977,
        "subs_per_min": "3480.00",
        "subs_gained_24hrs": -18170613641,
        "last_update": "2025-04-24T16:03:43.520Z",
        "rank": 4
    },
    {
        "channel_id": "UCvlE5gTbOvjiolFlEm-c_Ow",
        "name": "Vlad and Niki",
        "subscribers": 138924047,
        "pfp": "https://yt3.ggpht.com/il7dQx5fz3qs2ykOvWQVhtjT-_grY_oPmXlah13q694r_5zUS_7M33pBuUC34Cq0VearBaT1NOE=s200-c-k-c0x00ffffff-no-rj",
        "subs_per_sec": 112035,
        "subs_per_min": "3480.00",
        "subs_gained_24hrs": -13753478053,
        "last_update": "2025-04-24T16:03:43.702Z",
        "rank": 5
    },
    {
        "channel_id": "UCk8GzjMOrta8yxDcKfylJYw",
        "name": "✿ Kids Diana Show",
        "subscribers": 133843657,
        "pfp": "https://yt3.ggpht.com/ytc/AIdro_nuak4aeQJInwMJxsb8MNlnuOKktlhlLQQl_7tnWoSF5no=s200-c-k-c0x00ffffff-no-rj",
        "subs_per_sec": 216225,
        "subs_per_min": "3480.00",
        "subs_gained_24hrs": -13250520543,
        "last_update": "2025-04-24T16:03:44.345Z",
        "rank": 6
    },
    {
        "channel_id": "UCJplp5SjeGSdVdwsfb9Q7lQ",
        "name": "Like Nastya",
        "subscribers": 127402827,
        "pfp": "https://yt3.ggpht.com/ytc/AIdro_mVv_9v6t_6ni8YIQZWxmabSsNCVTyGQ48CHQ8-2W-OQtM=s200-c-k-c0x00ffffff-no-rj",
        "subs_per_sec": 103917,
        "subs_per_min": "3480.00",
        "subs_gained_24hrs": -12612879073,
        "last_update": "2025-04-24T16:03:44.538Z",
        "rank": 7
    },
    {
        "channel_id": "UCbp9MyKCTEww4CxEzc_Tp0Q",
        "name": "Stokes Twins",
        "subscribers": 123977627,
        "pfp": "https://yt3.ggpht.com/ytc/AIdro_licRUYkb1mqyEXaQPq67wtqgk7qinfWOEvc6gjnsSofu4=s200-c-k-c0x00ffffff-no-rj",
        "subs_per_sec": 233040,
        "subs_per_min": "3480.00",
        "subs_gained_24hrs": -12273780373,
        "last_update": "2025-04-24T16:03:44.724Z",
        "rank": 8
    },
    {
        "channel_id": "UCFFbwnve3yF62-tVXkTyHqg",
        "name": "Zee Music Company",
        "subscribers": 116881799,
        "pfp": "https://yt3.ggpht.com/x4fZcSujELdVRcWIt8UAFtvRZzrbfCKI2vTbXoNuG33CSN_FRJrSgwyLhXqThKfGaaqahx_FCQ=s200-c-k-c0x00ffffff-no-rj",
        "subs_per_sec": 72015,
        "subs_per_min": "3480.00",
        "subs_gained_24hrs": -11571297101,
        "last_update": "2025-04-24T16:03:44.918Z",
        "rank": 9
    },
    {
        "channel_id": "UC-lHJZR3Gqxm24_Vd_AJ5Yw",
        "name": "PewDiePie",
        "subscribers": 110911127,
        "pfp": "https://yt3.ggpht.com/vik8mAiwHQbXiFyKfZ3__p55_VBdGvwxPpuPJBBwdbF0PjJxikXhrP-C3nLQAMAxGNd_-xQCIg=s200-c-k-c0x00ffffff-no-rj",
        "subs_per_sec": 96193,
        "subs_per_min": "3480.00",
        "subs_gained_24hrs": -10980201573,
        "last_update": "2025-04-24T16:03:45.166Z",
        "rank": 10
    },
    {
        "channel_id": "UCJ5v_MCY6GNUBTO8-D3XoAg",
        "name": "WWE",
        "subscribers": 108659326,
        "pfp": "https://yt3.ggpht.com/ytc/AIdro_muzDjR0hfGdlXBS-2A8NfR-Q9e-PO96K-gxrm2i1jSStI7=s200-c-k-c0x00ffffff-no-rj",
        "subs_per_sec": 1293563,
        "subs_per_min": "3480.00",
        "subs_gained_24hrs": -10757272674,
        "last_update": "2025-04-24T16:03:45.854Z",
        "rank": 11
    },
    {
        "channel_id": "UCyoXW-Dse7fURq30EWl_CUA",
        "name": "Goldmines",
        "subscribers": 104601665,
        "pfp": "https://yt3.ggpht.com/Ls4lEH-dc1OkDysPqLKpeD5CFfUzzW4cTBTkZWAuax3npqrtFhTqC91wpfe02oSd9swnyQnb=s200-c-k-c0x00ffffff-no-rj",
        "subs_per_sec": 316974,
        "subs_per_min": "3480.00",
        "subs_gained_24hrs": -10355564235,
        "last_update": "2025-04-24T16:03:46.040Z",
        "rank": 12
    },
    {
        "channel_id": "UCiVs2pnGW5mLIc1jS2nxhjg",
        "name": "김프로KIMPRO",
        "subscribers": 102407391,
        "pfp": "https://yt3.ggpht.com/61lpQx0TizD-UeJSv10975lLAt09xRHu0T8cz_6LnLGFwA_5L-Vz-Qa_GOXsthdkh8G7jXv1oQ=s200-c-k-c0x00ffffff-no-rj",
        "subs_per_sec": 71066,
        "subs_per_min": "3480.00",
        "subs_gained_24hrs": -10138321809,
        "last_update": "2025-04-24T16:03:46.228Z",
        "rank": 13
    },
    {
        "channel_id": "UC6-F5tO8uklgE9Zy8IvbdFw",
        "name": "Sony SAB",
        "subscribers": 100954971,
        "pfp": "https://yt3.ggpht.com/W6hlyHF8FP_YVLnkzBGQYtdpf0hB8pILZvQYw4jMYIqgcGeS1RBTvk9VHUXGk3mDZhhv-26o-zc=s200-c-k-c0x00ffffff-no-rj",
        "subs_per_sec": 89261,
        "subs_per_min": "3480.00",
        "subs_gained_24hrs": -9994541329,
        "last_update": "2025-04-24T16:03:46.429Z",
        "rank": 14
    },
    {
        "channel_id": "UCOmHUn--16B90oW2L6FRR3A",
        "name": "BLACKPINK",
        "subscribers": 96476605,
        "pfp": "https://yt3.ggpht.com/U3VrCkKjzTpQ3VYv4SCPjNfDHeJV-swGNnhLYhr0nV4lZz_GVUNzK4EB-HFRfKv9S5VNh14uAg=s200-c-k-c0x00ffffff-no-rj",
        "subs_per_sec": 88918,
        "subs_per_min": "3480.00",
        "subs_gained_24hrs": -9551183595,
        "last_update": "2025-04-24T16:03:46.619Z",
        "rank": 15
    },
    {
        "channel_id": "UCBnZ16ahKA2DZ_T5W0FPUXg",
        "name": "ChuChu TV Nursery Rhymes & Kids Songs",
        "subscribers": 95965484,
        "pfp": "https://yt3.ggpht.com/KTjDtp8uA8Oe3EmsPAUlco84sjuicowLEsxHXRHWBKKrW6ZCzNeppTP00eCs28YgHij-mHoHbw=s200-c-k-c0x00ffffff-no-rj",
        "subs_per_sec": 113033,
        "subs_per_min": "3480.00",
        "subs_gained_24hrs": -9500582616,
        "last_update": "2025-04-24T16:03:46.811Z",
        "rank": 16
    },
    {
        "channel_id": "UC5gxP-2QqIh_09djvlm9Xcg",
        "name": "Alan's Universe",
        "subscribers": 90986632,
        "pfp": "https://yt3.ggpht.com/QYrADJNN_BMJSYm0LkqAs13ehWHjtxITE7kSBPsEIB_I_VFeDvujpH4aJfHfJO3FsFMsYa6Oig=s200-c-k-c0x00ffffff-no-rj",
        "subs_per_sec": 464217,
        "subs_per_min": "3480.00",
        "subs_gained_24hrs": -9007673868,
        "last_update": "2025-04-24T16:03:46.996Z",
        "rank": 17
    },
    {
        "channel_id": "UCppHT7SZKKvar4Oc9J4oljQ",
        "name": "Zee TV",
        "subscribers": 89371143,
        "pfp": "https://yt3.ggpht.com/uuedtvdWc1aFFK3AFq3Jx-0dRa0k6xuRa_sR1uW9vG65dQT1d4Y2BULCCNje2FxYkpchAeagLA=s200-c-k-c0x00ffffff-no-rj",
        "subs_per_sec": 120284,
        "subs_per_min": "3480.00",
        "subs_gained_24hrs": -8847742457,
        "last_update": "2025-04-24T16:03:47.728Z",
        "rank": 18
    },
    {
        "channel_id": "UCcdwLMPsaU2ezNSJU1nFoBQ",
        "name": "Baby Shark - Pinkfong Kids’ Songs & Stories",
        "subscribers": 81348033,
        "pfp": "https://yt3.ggpht.com/UY8ewm3Yg4Uxs21jY3XyctH8qMETYnt0AQRG1JCqrSa8dFHOrOg9zlklQrD98krZI7i33XXG=s200-c-k-c0x00ffffff-no-rj",
        "subs_per_sec": 71862,
        "subs_per_min": "3480.00",
        "subs_gained_24hrs": -8053454867,
        "last_update": "2025-04-24T16:03:47.921Z",
        "rank": 19
    },
    {
        "channel_id": "UC295-Dw_tDNtZXFeAPAW6Aw",
        "name": "5-Minute Crafts",
        "subscribers": 81097592,
        "pfp": "https://yt3.ggpht.com/qxMg7xnccD_tt-YtUTTK-ctCtUqUH9d3qKsbqm_DAti0nC7RHVbFlFiC6k8BoNS1O2O4ytAlZiE=s200-c-k-c0x00ffffff-no-rj",
        "subs_per_sec": 74538,
        "subs_per_min": "3480.00",
        "subs_gained_24hrs": -8028661608,
        "last_update": "2025-04-24T16:03:48.113Z",
        "rank": 20
    },
    {
        "channel_id": "UCLkAepWjdylmXSltofFvsYQ",
        "name": "BANGTANTV",
        "subscribers": 80177437,
        "pfp": "https://yt3.ggpht.com/pbESKAjfNT6bL7WjlWxbyiJ2h8ceCOKYLJwpo2ZM8gCesyGCWZbVtJ8VVuIxhRk-QOwU64ou=s200-c-k-c0x00ffffff-no-rj",
        "subs_per_sec": 129110,
        "subs_per_min": "3480.00",
        "subs_gained_24hrs": -7937566063,
        "last_update": "2025-04-24T16:03:48.295Z",
        "rank": 21
    },
    {
        "channel_id": "UC55IWqFLDH1Xp7iu1_xknRA",
        "name": "Colors TV",
        "subscribers": 80176281,
        "pfp": "https://yt3.ggpht.com/ONqgczLGGXrdCFQi3B6Dbp6wWu9cgcVY3pumpc43H8G4qGd_5VtXBbBWsmld33kAyImbCe0W=s200-c-k-c0x00ffffff-no-rj",
        "subs_per_sec": 42669,
        "subs_per_min": "3480.00",
        "subs_gained_24hrs": -7937451219,
        "last_update": "2025-04-24T16:03:48.501Z",
        "rank": 22
    },
    {
        "channel_id": "UC2tsySbe9TNrI-xh2lximHA",
        "name": "A4",
        "subscribers": 78343561,
        "pfp": "https://yt3.ggpht.com/ytc/AIdro_lqzy4I8Yzqb6copV_YrpoC8dEzkkuXifDzGxXaELn0v_A=s200-c-k-c0x00ffffff-no-rj",
        "subs_per_sec": 151828,
        "subs_per_min": "3480.00",
        "subs_gained_24hrs": -7756011639,
        "last_update": "2025-04-24T16:03:48.689Z",
        "rank": 23
    },
    {
        "channel_id": "UC3IZKseVpdzPSBaWxBxundA",
        "name": "HYBE LABELS",
        "subscribers": 77005564,
        "pfp": "https://yt3.ggpht.com/ytc/AIdro_l8g0yRFG8xoe_qeqk8Ki9UFy36cB2IjZEWZWz0h7gl-t0=s200-c-k-c0x00ffffff-no-rj",
        "subs_per_sec": 139250,
        "subs_per_min": "3480.00",
        "subs_gained_24hrs": -7623550736,
        "last_update": "2025-04-24T16:03:48.881Z",
        "rank": 24
    },
    {
        "channel_id": "UCrnQFuUabBHaw-BRhPo8xEA",
        "name": "ZAMZAM ELECTRONICS TRADING",
        "subscribers": 76709613,
        "pfp": "https://yt3.ggpht.com/Ch7BHLZJxOfU4ZwGmIq3S8L7BLAkTAHdSdEzpVCh9OIC8NFGj7GfWLIV_NJCmIoIcEQgKSmx=s200-c-k-c0x00ffffff-no-rj",
        "subs_per_sec": 75427,
        "subs_per_min": "3480.00",
        "subs_gained_24hrs": -7594250987,
        "last_update": "2025-04-24T16:03:49.067Z",
        "rank": 25
    },
    {
        "channel_id": "UCaayLD9i5x4MmIoVZxXSv_g",
        "name": "T-Series Bhakti Sagar",
        "subscribers": 75746347,
        "pfp": "https://yt3.ggpht.com/ytc/AIdro_lEOsOKSwfkzCB5bj1mTBIKOG7rBJmipaGnWMtcUnEF0I6J=s200-c-k-c0x00ffffff-no-rj",
        "subs_per_sec": 69748,
        "subs_per_min": "3480.00",
        "subs_gained_24hrs": -7498887753,
        "last_update": "2025-04-24T16:03:49.257Z",
        "rank": 26
    },
    {
        "channel_id": "UCIwFjwMjI0y7PDBVEO9-bkQ",
        "name": "Justin Bieber",
        "subscribers": 75254245,
        "pfp": "https://yt3.ggpht.com/ytc/AIdro_ncDOZtOT-S5kW_ytro_LqN_ZSd-jF-RC5bAt9rmze3U84=s200-c-k-c0x00ffffff-no-rj",
        "subs_per_sec": 99411,
        "subs_per_min": "3480.00",
        "subs_gained_24hrs": -7450170055,
        "last_update": "2025-04-24T16:03:49.443Z",
        "rank": 27
    },
    {
        "channel_id": "UCtxD0x6AuNNqdXO9Wp5GHew",
        "name": "UR · Cristiano",
        "subscribers": 74719393,
        "pfp": "https://yt3.ggpht.com/7HR7AS1zqCg3HDKKhU734Hoqaz277rXAkSkjJlui8cf_jrw31GZF2aPn3i9JS6Hhwgcxutp0jg=s200-c-k-c0x00ffffff-no-rj",
        "subs_per_sec": 40107,
        "subs_per_min": "3480.00",
        "subs_gained_24hrs": -7397219407,
        "last_update": "2025-04-24T16:03:49.640Z",
        "rank": 28
    },
    {
        "channel_id": "UCJrDMFOdv1I2k8n9oK_V21w",
        "name": "Tips Official",
        "subscribers": 74645735,
        "pfp": "https://yt3.ggpht.com/zSQrmF-U4JwDv9QalTMOuEEWjGDjM9LvNgahKGGks6WKhe6XEOFf2C4ErQ-1-J9o2wFrHtIw5A=s200-c-k-c0x00ffffff-no-rj",
        "subs_per_sec": 51302,
        "subs_per_min": "3480.00",
        "subs_gained_24hrs": -7389926765,
        "last_update": "2025-04-24T16:03:49.827Z",
        "rank": 29
    },
    {
        "channel_id": "UCgFXm4TI8htWmCyJ6cVPG_A",
        "name": "Toys and Colors",
        "subscribers": 74422799,
        "pfp": "https://yt3.ggpht.com/ytc/AIdro_nKO-qf2jEK-xmzuggQvgjoHJO1xBIxDQ3bEgxuI4PLyHk=s200-c-k-c0x00ffffff-no-rj",
        "subs_per_sec": 41670,
        "subs_per_min": "3480.00",
        "subs_gained_24hrs": -7367856001,
        "last_update": "2025-04-24T16:03:50.020Z",
        "rank": 30
    },
    {
        "channel_id": "UCP6uH_XlsxrXwZQ4DlqbqPg",
        "name": "Shemaroo Filmi Gaane",
        "subscribers": 71752919,
        "pfp": "https://yt3.ggpht.com/IZPkATp1E7hxHlLWSCR0mo7dQRgAiV2VV-FBC_F5CUn58SnuzlnKHYG-QhQc105E-g3hXuWmxQ=s200-c-k-c0x00ffffff-no-rj",
        "subs_per_sec": 59299,
        "subs_per_min": "3480.00",
        "subs_gained_24hrs": -7103538581,
        "last_update": "2025-04-24T16:03:50.206Z",
        "rank": 31
    },
    {
        "channel_id": "UCL5nlHWXVLeOsSjKH2fhmsg",
        "name": "KL BRO Biju Rithvik",
        "subscribers": 71363335,
        "pfp": "https://yt3.ggpht.com/5Q5NTVd5rWCnzlhJj6L2b_OAFlygH2g0lU9VSkq057jY3zP_Qc-2FO69JIgmLHNAOsnAaqCPvQ=s200-c-k-c0x00ffffff-no-rj",
        "subs_per_sec": 40524,
        "subs_per_min": "3480.00",
        "subs_gained_24hrs": -7064968865,
        "last_update": "2025-04-24T16:03:50.396Z",
        "rank": 32
    },
    {
        "channel_id": "UCt4t-jeY85JegMlZ-E5UWtA",
        "name": "Aaj Tak",
        "subscribers": 71108338,
        "pfp": "https://yt3.ggpht.com/ytc/AIdro_m1WLxquYeEO9VgyA7-cYFrn_hd2dSaNtmL8-NIHMCQIuPQ=s200-c-k-c0x00ffffff-no-rj",
        "subs_per_sec": 100293,
        "subs_per_min": "3480.00",
        "subs_gained_24hrs": -7039723062,
        "last_update": "2025-04-24T16:03:50.583Z",
        "rank": 33
    },
    {
        "channel_id": "UC1ciY6kR3yj3kaKZ6R7ewAg",
        "name": "Infobells - Hindi",
        "subscribers": 69429682,
        "pfp": "https://yt3.ggpht.com/ytc/AIdro_mWKlOUcsnrq8oXV8BemcuyrfG52ztaqZmoDThFc1v-etg=s200-c-k-c0x00ffffff-no-rj",
        "subs_per_sec": 114759,
        "subs_per_min": "3480.00",
        "subs_gained_24hrs": -6873538018,
        "last_update": "2025-04-24T16:03:51.216Z",
        "rank": 34
    },
    {
        "channel_id": "UCK1i2UviaXLUNrZlAFpw_jA",
        "name": "El Reino Infantil",
        "subscribers": 68730507,
        "pfp": "https://yt3.ggpht.com/raHmS02b1eGfiy2QD7IWV5L9vDKWXP2t9c0w_9PVMMbZ2IyYPyPt-xiFufKv107JXxWrRTP8=s200-c-k-c0x00ffffff-no-rj",
        "subs_per_sec": 37764,
        "subs_per_min": "3480.00",
        "subs_gained_24hrs": -6804319793,
        "last_update": "2025-04-24T16:03:51.408Z",
        "rank": 35
    },
    {
        "channel_id": "UCY1kMZp36IQSyNx_9h4mpCg",
        "name": "Mark Rober",
        "subscribers": 67779608,
        "pfp": "https://yt3.ggpht.com/ytc/AIdro_ksXY2REjZ6gYKSgnWT5jC_zT9mX900vyFtVinR8KbHww=s200-c-k-c0x00ffffff-no-rj",
        "subs_per_sec": 39730,
        "subs_per_min": "3480.00",
        "subs_gained_24hrs": -6710180292,
        "last_update": "2025-04-24T16:03:51.782Z",
        "rank": 36
    },
    {
        "channel_id": "UCffDXn7ycAzwL2LDlbyWOTw",
        "name": "Canal KondZilla",
        "subscribers": 67717228,
        "pfp": "https://yt3.ggpht.com/rj2rVcKH4D4gW5yKTUkagLWt4qBecOvzbEkZU4hhdF1X0FISKOP1TroMQUOJS7wcWzcFgXmclQ=s200-c-k-c0x00ffffff-no-rj",
        "subs_per_sec": 60300,
        "subs_per_min": "3480.00",
        "subs_gained_24hrs": -6704005572,
        "last_update": "2025-04-24T16:03:51.597Z",
        "rank": 37
    },
    {
        "channel_id": "UCe9JSDmyqNgA_l2BzGHq1Ug",
        "name": "HAR PAL GEO",
        "subscribers": 67475301,
        "pfp": "https://yt3.ggpht.com/gmRmvRYUHVbi2YnWiM_RbJtwPMkKK_WJfsWYINioLLVutKiQ5_Yf1xbGY57qGJydAY7zNuRp6Q=s200-c-k-c0x00ffffff-no-rj",
        "subs_per_sec": 34026,
        "subs_per_min": "3480.00",
        "subs_gained_24hrs": -6680054199,
        "last_update": "2025-04-24T16:03:51.968Z",
        "rank": 38
    },
    {
        "channel_id": "UCoQm-PeHC-cbJclKJYJ8LzA",
        "name": "Fede Vigevani",
        "subscribers": 66669541,
        "pfp": "https://yt3.ggpht.com/YZ7gOQ8piWHJELvXxq0p2rIb942UdvBCy27y6DwTxE2-t_y7Iemd4vM17QmLMJra82s5gxzlL_s=s200-c-k-c0x00ffffff-no-rj",
        "subs_per_sec": 36692,
        "subs_per_min": "3480.00",
        "subs_gained_24hrs": -6600283759,
        "last_update": "2025-04-24T16:03:52.173Z",
        "rank": 39
    },
    {
        "channel_id": "UC22nIfOTM7KLIQuFGMKzQbg",
        "name": "Wave Music",
        "subscribers": 65407984,
        "pfp": "https://yt3.ggpht.com/-m-efGozwxkvoZiijhjJcLSuUxZQpXvJu9tObrAbfhrtr67AAf1V674HBB8eHixOLHrj3WBlgxI=s200-c-k-c0x00ffffff-no-rj",
        "subs_per_sec": 102842,
        "subs_per_min": "3480.00",
        "subs_gained_24hrs": -6475390016,
        "last_update": "2025-04-24T16:03:52.360Z",
        "rank": 40
    },
    {
        "channel_id": "UC56gTxNs4f9xZ7Pa2i5xNzg",
        "name": "Sony Music India",
        "subscribers": 65090934,
        "pfp": "https://yt3.ggpht.com/42o3XIW1j5zmzsFeZs3ND4QwaXXrnpK9vqftcEuEdbgNhPbltXRktcSmyJ12-gSRqKch93Ir=s200-c-k-c0x00ffffff-no-rj",
        "subs_per_sec": 35510,
        "subs_per_min": "3480.00",
        "subs_gained_24hrs": -6444001866,
        "last_update": "2025-04-24T16:03:52.545Z",
        "rank": 41
    },
    {
        "channel_id": "UCbTLwN10NoCU4WDzLf1JMOA",
        "name": "YRF",
        "subscribers": 65069208,
        "pfp": "https://yt3.ggpht.com/ukiLOR2xcRjb4vEfv_DvcTU-5WgGyhwL3w1jQxvTBVdMbBlrtDopxKwg8Scs66C8nFgXu-cl=s200-c-k-c0x00ffffff-no-rj",
        "subs_per_sec": 1204985,
        "subs_per_min": "3480.00",
        "subs_gained_24hrs": -6441850992,
        "last_update": "2025-04-24T16:03:52.733Z",
        "rank": 42
    },
    {
        "channel_id": "UCfM3zsQsOnfWNUppiycmBuw",
        "name": "EminemMusic",
        "subscribers": 64702158,
        "pfp": "https://yt3.ggpht.com/ytc/AIdro_ny_3E5NhElVE1msnq1HUwtnpjlV0JdXJ3h11Df2tlNmTQ=s200-c-k-c0x00ffffff-no-rj",
        "subs_per_sec": 69348,
        "subs_per_min": "3480.00",
        "subs_gained_24hrs": -6405513442,
        "last_update": "2025-04-24T16:03:52.923Z",
        "rank": 43
    },
    {
        "channel_id": "UC3gNmTGu-TTbFPpfSs5kNkg",
        "name": "Movieclips",
        "subscribers": 63954223,
        "pfp": "https://yt3.ggpht.com/1uIk9g0sODh4NzeUK86fyEa67EUfZLNDa3FRLfSV0JzvmWrFSZeQVlGQmOnDEcjMZoGFb8MqVQ=s200-c-k-c0x00ffffff-no-rj",
        "subs_per_sec": 105015,
        "subs_per_min": "3480.00",
        "subs_gained_24hrs": -6331467877,
        "last_update": "2025-04-24T16:03:53.563Z",
        "rank": 44
    },
    {
        "channel_id": "UCZs0WwC0Dn_noiQE2BHSTKg",
        "name": "Alejo Igoa",
        "subscribers": 63420585,
        "pfp": "https://yt3.ggpht.com/vvwc5dVu5nXqxqdmUcZTV_c9kUzfSmwHXWqTCanFUVQcgR06_lOM2QD_uNqWH3A8_w40tMfxuQ=s200-c-k-c0x00ffffff-no-rj",
        "subs_per_sec": 118987,
        "subs_per_min": "3480.00",
        "subs_gained_24hrs": -6278637015,
        "last_update": "2025-04-24T16:03:53.752Z",
        "rank": 45
    },
    {
        "channel_id": "UC4JCksJF76g_MdzPVBJoC3Q",
        "name": "ARY Digital HD",
        "subscribers": 62695393,
        "pfp": "https://yt3.ggpht.com/BLMycu5nIFNw51ZSkZU1ftvTJ_13Ttv-Bsm33ScrYV1SlNgMQzsi3NdQqUkIYvFaCO1bLMU47A=s200-c-k-c0x00ffffff-no-rj",
        "subs_per_sec": 129535,
        "subs_per_min": "3480.00",
        "subs_gained_24hrs": -6206843107,
        "last_update": "2025-04-24T16:03:53.947Z",
        "rank": 46
    },
    {
        "channel_id": "UCPuEAY09CtdTzFNWuqVZgDw",
        "name": "Topper Guild",
        "subscribers": 61807407,
        "pfp": "https://yt3.ggpht.com/tIUjsEc4SPp4pLASoh1Zvt9Oto5X9qdkWUTeJPDTUcuhLLbh_QAdn7R4CXTcGT-EfG03-DDQ=s200-c-k-c0x00ffffff-no-rj",
        "subs_per_sec": 70961,
        "subs_per_min": "3480.00",
        "subs_gained_24hrs": -6118928393,
        "last_update": "2025-04-24T16:03:54.139Z",
        "rank": 47
    },
    {
        "channel_id": "UCOnIJiQuk1fDSp6p1GCZy3A",
        "name": "YOLO AVENTURAS",
        "subscribers": 61464289,
        "pfp": "https://yt3.ggpht.com/CXjPCwqHWq_X1SznGbTd6O3wVoPjxRbTgyy8Q3fAo83GQSPmi8T5NVohcMyz8pw7HI3Qbw5lng=s200-c-k-c0x00ffffff-no-rj",
        "subs_per_sec": 62463,
        "subs_per_min": "3480.00",
        "subs_gained_24hrs": -6084963711,
        "last_update": "2025-04-24T16:03:54.326Z",
        "rank": 48
    },
    {
        "channel_id": "UCRijo3ddMTht_IHyNSNXpNQ",
        "name": "Dude Perfect",
        "subscribers": 61076455,
        "pfp": "https://yt3.ggpht.com/nZRsCgyfOVFhBzY-YFV8AhdMcYAybNZ8uttjcsrUGOnGRSVF5yKqRh6XHIs_o03TcbixvlOZ=s200-c-k-c0x00ffffff-no-rj",
        "subs_per_sec": 290840,
        "subs_per_min": "3480.00",
        "subs_gained_24hrs": -6046568745,
        "last_update": "2025-04-24T16:03:54.972Z",
        "rank": 49
    },
    {
        "channel_id": "UCqECaJ8Gagnn7YCbPEzWH6g",
        "name": "Taylor Swift",
        "subscribers": 60939552,
        "pfp": "https://yt3.ggpht.com/PFmecESWwRnrbIFZ04vG6UbdXKzjyC3vQkufqqEYEHpXlwHFRMDN8RuvG7A1WRnbGKVZTcyFYQ=s200-c-k-c0x00ffffff-no-rj",
        "subs_per_sec": 41455,
        "subs_per_min": "3480.00",
        "subs_gained_24hrs": -6033015448,
        "last_update": "2025-04-24T16:03:55.180Z",
        "rank": 50
    },
    {
        "channel_id": "UC4NALVCmcmL5ntpV0thoH6w",
        "name": "LooLoo Kids - Nursery Rhymes and Children's Songs",
        "subscribers": 60090347,
        "pfp": "https://yt3.ggpht.com/XQ8Z5bwcV4dgjWEYFI1n1M9W2lgEP6RPh8LxqUq6ScFkXWXXwZIz0TTun_B05TTiTvReU5vy=s200-c-k-c0x00ffffff-no-rj",
        "subs_per_sec": 33034,
        "subs_per_min": "3480.00",
        "subs_gained_24hrs": -5948944053,
        "last_update": "2025-04-24T16:03:55.375Z",
        "rank": 51
    },
    {
        "channel_id": "UC6QZ_ss3i_8qLV_RczPZBkw",
        "name": "ISSEI / いっせい",
        "subscribers": 59334133,
        "pfp": "https://yt3.ggpht.com/WQJfAcYaEL-sQ7LcF86SHG-T4u9zjiSScvdFxh73GCFJKleVcTakwZaqMhsGdZ64gfccQ2gn4Q=s200-c-k-c0x00ffffff-no-rj",
        "subs_per_sec": 351089,
        "subs_per_min": "3480.00",
        "subs_gained_24hrs": -5874078767,
        "last_update": "2025-04-24T16:03:55.571Z",
        "rank": 52
    },
    {
        "channel_id": "UC0Wju2yvRlfwqraLlz5152Q",
        "name": "PANDA BOI",
        "subscribers": 58570631,
        "pfp": "https://yt3.ggpht.com/Eea7wEGVog5xpo1GAoOwc9hlj31T395FzKUwnUr8VERoO-x0InNVbINT2ron3WrVsqsEbSwo7LU=s200-c-k-c0x00ffffff-no-rj",
        "subs_per_sec": 29716,
        "subs_per_min": "3480.00",
        "subs_gained_24hrs": -5798492369,
        "last_update": "2025-04-24T16:03:55.795Z",
        "rank": 53
    },
    {
        "channel_id": "UC4wEPe5mrHGAUjjTfXH_C-Q",
        "name": "Anaya Kandhal",
        "subscribers": 58196188,
        "pfp": "https://yt3.ggpht.com/Wf_SW1J54YH3ZahhvU7CtF9V_IooNAVzQTkHtgxpHkfJSssWFEs_WR6qXGwieEbvLyUjdNtY=s200-c-k-c0x00ffffff-no-rj",
        "subs_per_sec": 38566,
        "subs_per_min": "3480.00",
        "subs_gained_24hrs": -5761421212,
        "last_update": "2025-04-24T16:03:55.994Z",
        "rank": 54
    },
    {
        "channel_id": "UCF1JIbMUs6uqoZEY1Haw0GQ",
        "name": "Shemaroo",
        "subscribers": 58128619,
        "pfp": "https://yt3.ggpht.com/ytc/AIdro_mhdF4RNZM9OHP-A8BvrQO4q6BenIVFCTfjURrYjYxAxw=s200-c-k-c0x00ffffff-no-rj",
        "subs_per_sec": 50590,
        "subs_per_min": "3480.00",
        "subs_gained_24hrs": -5754732581,
        "last_update": "2025-04-24T16:03:56.631Z",
        "rank": 55
    },
    {
        "channel_id": "UCEdvpU2pFRCVqU6yIPyTpMQ",
        "name": "Marshmello",
        "subscribers": 57924633,
        "pfp": "https://yt3.ggpht.com/2GJvU2yyxBNA85vmPfEKFrXpCZqkL4sXRa85cAb3PSq-0veAUTT2m4-vxM6ARcd5WladmvST=s200-c-k-c0x00ffffff-no-rj",
        "subs_per_sec": 35363,
        "subs_per_min": "3480.00",
        "subs_gained_24hrs": -5734538467,
        "last_update": "2025-04-24T16:03:56.830Z",
        "rank": 56
    },
    {
        "channel_id": "UCRx3mKNUdl8QE06nEug7p6Q",
        "name": "Billion Surprise Toys",
        "subscribers": 57685340,
        "pfp": "https://yt3.ggpht.com/0DzYUJzDvBjL3vrf8s6ITdqyu_HYfk94jYbXiPF-a3fodSukHgpX3rIckPnYi3sDVj1mtkNSSw=s200-c-k-c0x00ffffff-no-rj",
        "subs_per_sec": 78376,
        "subs_per_min": "3480.00",
        "subs_gained_24hrs": -5710848560,
        "last_update": "2025-04-24T16:03:57.483Z",
        "rank": 57
    },
    {
        "channel_id": "UCyagEfIN1okQ-s996XAqCFQ",
        "name": "Zhong",
        "subscribers": 56585365,
        "pfp": "https://yt3.ggpht.com/cDaAQOfsI_JdYLroMebsod82GIhZuMoPJ71GoR1PbqLprub4YLidgIgnpvRvBzneYBECauNC4d4=s200-c-k-c0x00ffffff-no-rj",
        "subs_per_sec": 53533,
        "subs_per_min": "3480.00",
        "subs_gained_24hrs": -5601948835,
        "last_update": "2025-04-24T16:03:57.875Z",
        "rank": 58
    },
    {
        "channel_id": "UC0C-w0YjGpqDXGB8IHb662A",
        "name": "Ed Sheeran",
        "subscribers": 56275203,
        "pfp": "https://yt3.ggpht.com/pZQ5JMD4EOI8TcNYAPTzMexe_fC0CKnb_hYlV4rPfIzmDidF239fH1XKmzkeT30XSg7fxNwc_w=s200-c-k-c0x00ffffff-no-rj",
        "subs_per_sec": 1372565,
        "subs_per_min": "3480.00",
        "subs_gained_24hrs": -5571244797,
        "last_update": "2025-04-24T16:03:57.673Z",
        "rank": 59
    },
    {
        "channel_id": "UCqJ5zFEED1hWs0KNQCQuYdQ",
        "name": "Mikecrack",
        "subscribers": 56214013,
        "pfp": "https://yt3.ggpht.com/fuDBmMf8vPJYWpka58XVVY9Y2g8C9XaZMQtEoFUY05VLFP-Dz64A_-n_XvWfUPb_W79NB3Xz5g=s200-c-k-c0x00ffffff-no-rj",
        "subs_per_sec": 122204,
        "subs_per_min": "3480.00",
        "subs_gained_24hrs": -5565185987,
        "last_update": "2025-04-24T16:03:58.082Z",
        "rank": 60
    },
    {
        "channel_id": "UCMgapddJymOC6MBOiOqia1A",
        "name": "आचार्य प्रशान्त - Acharya Prashant",
        "subscribers": 56097937,
        "pfp": "https://yt3.ggpht.com/n3W8TSyFDRmdMNLyz7RgqY-rFTrbZbQ2K5URmBbEmnpe1bzYwfoAeWQyy9pDALjjAl6qjbLq5Gw=s200-c-k-c0x00ffffff-no-rj",
        "subs_per_sec": 89185,
        "subs_per_min": "3480.00",
        "subs_gained_24hrs": -5553695263,
        "last_update": "2025-04-24T16:03:58.290Z",
        "rank": 61
    },
    {
        "channel_id": "UC9CoOnJkIBMdeijd9qYoT_g",
        "name": "Ariana Grande",
        "subscribers": 55999608,
        "pfp": "https://yt3.ggpht.com/vLWO1tajYHyFJ3lGkcMxKMayA-ZNUqCUYj5bOO8TWhNVL7EV-bjxmguUkZ3B2dMsAtZYir8r=s200-c-k-c0x00ffffff-no-rj",
        "subs_per_sec": 87499,
        "subs_per_min": "3480.00",
        "subs_gained_24hrs": -5543960792,
        "last_update": "2025-04-24T16:03:58.957Z",
        "rank": 62
    },
    {
        "channel_id": "UC3MLnJtqc_phABBriLRhtgQ",
        "name": "SonyMusicIndiaVEVO",
        "subscribers": 55705778,
        "pfp": "https://yt3.ggpht.com/R04QrRbPUZuuVoM8Qw4JPw3xXJb-6AaO4L8D_mHIOgY_3ZGdeTXWxASkdJK811RqrxyK_fBWmzw=s200-c-k-c0x00ffffff-no-rj",
        "subs_per_sec": 122430,
        "subs_per_min": "3480.00",
        "subs_gained_24hrs": -5514870822,
        "last_update": "2025-04-24T16:03:59.155Z",
        "rank": 63
    },
    {
        "channel_id": "UC-LPIU24bQXVljUXivKEeRQ",
        "name": "StarPlus",
        "subscribers": 55483758,
        "pfp": "https://yt3.ggpht.com/FlHzLJ_YI3Futu7aR_36f5PfnwDi6u45P0jvIS5jec2xatMkhdDgoSp0oai225Ci9ZxZ8nI2bw=s200-c-k-c0x00ffffff-no-rj",
        "subs_per_sec": 31489,
        "subs_per_min": "3480.00",
        "subs_gained_24hrs": -5492889342,
        "last_update": "2025-04-24T16:03:59.551Z",
        "rank": 64
    },
    {
        "channel_id": "UCiGm_E4ZwYSHV3bcW1pnSeQ",
        "name": "Billie Eilish",
        "subscribers": 55469694,
        "pfp": "https://yt3.ggpht.com/dirvtoDAmx-u0UR76-pxfhYL6Wxj2vfL2geUcxDwk62tTWWhGG6QDGc63RG3NdOz38-yBwRHDQ=s200-c-k-c0x00ffffff-no-rj",
        "subs_per_sec": 37078,
        "subs_per_min": "3480.00",
        "subs_gained_24hrs": -5491499106,
        "last_update": "2025-04-24T16:03:59.347Z",
        "rank": 65
    },
    {
        "channel_id": "UCXbYlU08sOTBktOtjVsvR6w",
        "name": "ToRung",
        "subscribers": 55015451,
        "pfp": "https://yt3.ggpht.com/EYFTKLefsLCp52ZinRLH5Olzn0ZaHgHV30UoazKKXd-y8WYLcedms_vNOpB6pgx5seamUzun7A=s200-c-k-c0x00ffffff-no-rj",
        "subs_per_sec": 29883,
        "subs_per_min": "3480.00",
        "subs_gained_24hrs": -5446525049,
        "last_update": "2025-04-24T16:03:59.742Z",
        "rank": 66
    },
    {
        "channel_id": "UC_A7K2dXFsTMAciGmnNxy-Q",
        "name": "Saregama Music",
        "subscribers": 54673567,
        "pfp": "https://yt3.ggpht.com/kzVDg0rujy7laR7qjVTsa7GaiJd6WkQrSlJxDNrhzakH7681kmv7tnoF7VaDmixuYs59QuED8A=s200-c-k-c0x00ffffff-no-rj",
        "subs_per_sec": 52070,
        "subs_per_min": "3480.00",
        "subs_gained_24hrs": -5412681933,
        "last_update": "2025-04-24T16:03:59.930Z",
        "rank": 67
    },
    {
        "channel_id": "UCJg19noZp7-BYIGvypu_cow",
        "name": "JioHotstar Kids",
        "subscribers": 54368857,
        "pfp": "https://yt3.ggpht.com/juX0nVXr-d7Z8fIMIINtXnKmI6Z0B59cMEtTUqzyIFoID7lWlQLwXiFVfnmRSW755FVK8qLWiw=s200-c-k-c0x00ffffff-no-rj",
        "subs_per_sec": 31014,
        "subs_per_min": "3480.00",
        "subs_gained_24hrs": -5382515443,
        "last_update": "2025-04-24T16:04:00.119Z",
        "rank": 68
    },
    {
        "channel_id": "UCvh1at6xpV1ytYOAzxmqUsA",
        "name": "Jess No Limit",
        "subscribers": 54269105,
        "pfp": "https://yt3.ggpht.com/72jGosJaua07u-qA8mROVLpQNII_pdx6hKuBhu-jcxejUWnkfvpLxX5raPy79l7VTSSP3uUx2g=s200-c-k-c0x00ffffff-no-rj",
        "subs_per_sec": 172282,
        "subs_per_min": "3480.00",
        "subs_gained_24hrs": -5372641095,
        "last_update": "2025-04-24T16:04:00.319Z",
        "rank": 69
    },
    {
        "channel_id": "UCYiGq8XF7YQD00x7wAd62Zg",
        "name": "JuegaGerman",
        "subscribers": 53225656,
        "pfp": "https://yt3.ggpht.com/vOsrLzWD4z1dbr470nEXydi3Kb55jW6YqcpQiq1LHyj9IvElga7zBHEfqFZvC26BRKmQimEbiA=s200-c-k-c0x00ffffff-no-rj",
        "subs_per_sec": 27765,
        "subs_per_min": "3480.00",
        "subs_gained_24hrs": -5269339244,
        "last_update": "2025-04-24T16:04:00.506Z",
        "rank": 70
    },
    {
        "channel_id": "UCVNouUw3d3l5JYVCxhAQXKA",
        "name": "Bispo Bruno Leonardo",
        "subscribers": 53166504,
        "pfp": "https://yt3.ggpht.com/npxZ3EzDk--AR3RRGINVRA-pEsxp2Vic9heqED2QPUZZZd0aR5Gzh7toshkKHWGqk-xgFEPEAwQ=s200-c-k-c0x00ffffff-no-rj",
        "subs_per_sec": 50062,
        "subs_per_min": "3480.00",
        "subs_gained_24hrs": -5263482596,
        "last_update": "2025-04-24T16:04:01.164Z",
        "rank": 71
    },
    {
        "channel_id": "UCstEtN0pgOmCf02EdXsGChw",
        "name": "ABS-CBN Entertainment",
        "subscribers": 52305324,
        "pfp": "https://yt3.ggpht.com/JL3LJG2daL2Uv2N6JocY0rNs_37iQbaypfVg_bTghJppQ2SXaZ-_Jzp-csXEIgLi1k7Sdh9mbg=s200-c-k-c0x00ffffff-no-rj",
        "subs_per_sec": 52148,
        "subs_per_min": "3480.00",
        "subs_gained_24hrs": -5178226476,
        "last_update": "2025-04-24T16:04:01.808Z",
        "rank": 72
    },
    {
        "channel_id": "UCgKEvLp8DXCTMq4QY6wW7bw",
        "name": "Real fools shorts official",
        "subscribers": 52187166,
        "pfp": "https://yt3.ggpht.com/8kllzNv_4fOg31JamUCeqxI4cwNx5NGtgmaOvq1fpmDPfwJbvx_yS45r5FRD4aRR69V2gdpe=s200-c-k-c0x00ffffff-no-rj",
        "subs_per_sec": 206273,
        "subs_per_min": "3480.00",
        "subs_gained_24hrs": -5166529034,
        "last_update": "2025-04-24T16:04:02.024Z",
        "rank": 73
    },
    {
        "channel_id": "UCd5ApCORQsMOZZz5E9oVeFA",
        "name": "Alfredo Larin",
        "subscribers": 51900697,
        "pfp": "https://yt3.ggpht.com/riUnRk7aFeEFY2jTn4YdTgccTWLLF0Ox1rphjruEQawTin6tddLE1C-Jva2T8k_xs6qA1FSbqA=s200-c-k-c0x00ffffff-no-rj",
        "subs_per_sec": 36601,
        "subs_per_min": "3480.00",
        "subs_gained_24hrs": -5138167103,
        "last_update": "2025-04-24T16:04:02.885Z",
        "rank": 74
    },
    {
        "channel_id": "UC_gV70G_Y51LTa3qhu8KiEA",
        "name": "LUCCAS NETO",
        "subscribers": 51842148,
        "pfp": "https://yt3.ggpht.com/k0P68dz51E4FQ5nION66t0bfT5vy9Zpzijdj6rNXfOVmbUj_7g3xoBEBuVCpZ7amWKrRMK-p=s200-c-k-c0x00ffffff-no-rj",
        "subs_per_sec": 194165,
        "subs_per_min": "3480.00",
        "subs_gained_24hrs": -5132372252,
        "last_update": "2025-04-24T16:04:02.237Z",
        "rank": 75
    },
    {
        "channel_id": "UC6gVx_vALsYT-z_u1djJbBQ",
        "name": "BETER BÖCÜK",
        "subscribers": 51494831,
        "pfp": "https://yt3.ggpht.com/vt7437FWgruOZciMUu4fj18sgWUNTSGa6rcIYM4hOl7Kvm1URfgmS5919wQw-qDYoXe5sqU6=s200-c-k-c0x00ffffff-no-rj",
        "subs_per_sec": 28123,
        "subs_per_min": "3480.00",
        "subs_gained_24hrs": -5097987869,
        "last_update": "2025-04-24T16:04:03.072Z",
        "rank": 76
    },
    {
        "channel_id": "UCwHE1kM1CPJd_pI9FQ0-4dg",
        "name": "shfa",
        "subscribers": 50532441,
        "pfp": "https://yt3.ggpht.com/ytc/AIdro_kR2yABwzXg1bW3X3qVV3euZ3s4pSDNL1PpvdeYAZwP9yo=s200-c-k-c0x00ffffff-no-rj",
        "subs_per_sec": 70477,
        "subs_per_min": "3480.00",
        "subs_gained_24hrs": -5002710259,
        "last_update": "2025-04-24T16:04:03.718Z",
        "rank": 77
    },
    {
        "channel_id": "UCEeEQxm6qc_qaTE7qTV5aLQ",
        "name": "HUM TV",
        "subscribers": 50224868,
        "pfp": "https://yt3.ggpht.com/ozZfTXiDhcWiZAymmOj2cQFhZbcBTK0K6TnbguD3XsLmNY0SaEuK3Jfj3QwkZx7SmAJSicca-Q=s200-c-k-c0x00ffffff-no-rj",
        "subs_per_sec": 1195830,
        "subs_per_min": "3480.00",
        "subs_gained_24hrs": -4972257532,
        "last_update": "2025-04-24T16:04:04.357Z",
        "rank": 78
    },
    {
        "channel_id": "UCQ7x25F6YXY9DvGeHFxLhRQ",
        "name": "shfa2 - شفا",
        "subscribers": 50059131,
        "pfp": "https://yt3.ggpht.com/ytc/AIdro_lWrQQZF3PDlmxwKs--h7h6yx4OgrTsD0eTL5IpnFRiOFM=s200-c-k-c0x00ffffff-no-rj",
        "subs_per_sec": 69623,
        "subs_per_min": "3480.00",
        "subs_gained_24hrs": -4955852769,
        "last_update": "2025-04-24T16:04:04.766Z",
        "rank": 79
    },
    {
        "channel_id": "UCmBA_wu8xGg1OfOkfW13Q0Q",
        "name": "Bad Bunny",
        "subscribers": 49969362,
        "pfp": "https://yt3.ggpht.com/Ys37SrZ6B7RUW8_X3YvQet7VCFNnWa5C5PXe09OgIoY9UkTt1GpP_zap1-w2VF5gZcyS5xQmbJs=s200-c-k-c0x00ffffff-no-rj",
        "subs_per_sec": 29102,
        "subs_per_min": "3480.00",
        "subs_gained_24hrs": -4946966238,
        "last_update": "2025-04-24T16:04:04.557Z",
        "rank": 80
    }
]